Nom entreprise,Substance,Adresse Physique,Téléphone,Email
2M TRADING MULTISERVICES SARL,,"80, Cité Isra1, Hann Bel Air, Dakar, Sénégal",77 260 85 48,
2SBCI,calcaire,"Villa 477, unité 5,Parcelles Assainies, Keur Massar, Dakar, 
Sénégal",77 434 83 83,
2SH SALY SOFTWARE ET HARDWARE,,"Canal 4, en face Maison de la Douane, DAKAR, Sénégal",77 439 28 61,
3S INTERNATIONAL,,"Jardin de Fann, Villa n°1, Fann Résidence, Dakar, Sénégal",,
AAURIC HOLDINGS PTE.LTD,,"Km 18, Rte de RUFISQUE, BP 3835, MBAO, Sénégal",,
ABANDOUR GEOLINK,,"GUEDIAWAYE, VILLA S277 HAMO6, DAKAR",,
ABC-GROUP SARL,,,33 835 64 47/77 578 89 96,abclescarrieres@gmail.com
ABN HOLDING-SARL,laterite,,77 464 68 71/77 441 11 11,abn-holding@gmail.com
AD INVEST SA,,"Villa N°11, Route du camp Pénal, Liberté 6 extension, 
Dakar, Sénégal",33 827 80 33/33 867 43 12,adinvest1@orange.sn
ADAD SAS,,"zone 15, Almadies, Dakar, Sénégal",,
AEAN DEVELOPPEMENT,,"Rue de Diourbel X B, Point E, Dakar, Sénégal",77 102 27 29,
AF GROUP SARL,,"171, , LIBERTE 6 EXTENSION, Dakar, Sénégal",,338274184 afgbusinesspartner@gmail.com
AFRIC MINING SARL,,"2 eme étage, Immeuble Mamoulick, Rue AX Rue 1 Point E, 
Dakar, Sénégal",33 869 00 02,africmining.info@gmail.com
AFRICA BUSINESS CENTER,,"109, Aviation, Ouakam, Dakar, Sénégal",77 414 19 37,
AFRICA BUSINESS CONTRACTING SARL,,"12, Rue armand Angrnad, Dakar, Sénégal",33 842 17 67,abcafrica@gmail.com
AFRICA GLOBE,,"16 , Boulevard Djily Mbaye , immeuble Mouna 1er étage, 
Dakar, 22099, Sénégal",338220003,
AFRICA GOLD MINE AND REFINERY COMPANY SARL,,"Sicap Liberté 5 Villa n° 5517, Dakar, Sénégal",33 825 04 41,
AFRICA GOLD SARL,,"Appartement 2, Rez de Jardin, 1 Rue Jules Ferry 
Immeuble l'Aquiléa, DAKAR",77 623 91 52,
AFRICA TRADING EQUIPEMENT ET TRANSPORT SUARL,"sable de dune Touba Khaira , Face CBAO, Diourbel, Sénégal",,77 639 18 24,
"AFRICAINE DE TRAVAUX D'INGENIERIE ET DE 
SERVICES",calcaire,"Rue 7, Angle Corniche, Dakar, Sénégal",77 335 80 40,
AFRICAN INDUSTRIES GATEWAY,,"Gibraltar 3, Lot n°46, derrière Caserne Samba Diéry Diallo, 
Dakar, Sénégal",,775439672 ala@aig-ml.com
AFRICAN INVESTMENT GROUP SA,"phosphate de 
chaux","Villa N°12, Route de NGOR, Almadies, Dakar, Sénégal",33 869 91 51,
AFRICAN MINERAL CORPORATION,,"25, Cité des jeunes cadres Lébous, VDN face puit SDE, 
Dakar, BP18025, Sénégal",33 867 64 03,amc-dak@orange.sn
"AFRICAN MINING AND INDUSTRY COMPANY LIMITED 
SA",,"27 avenue Georges Pomidou , Dakar, Sénégal",,
AFRICAN MINING LOGISTIQUE SERVICE,,"U 16, N°308, Parcelles Assainies, Dakar, Sénégal",,
AFRIGEM SL,or,"C/Américo Vepueio .16-GB, 35009-Las Palmas de GC-
SPAIN, Espagne",,execurec@yahoo.com
AFRIGOLD SARL,,"19, Rue Mass Diokhane 3ème étage , Fann, Dakar, BP 
5364, Sénégal",,
AFRIGOLDS SARL,or,"2403/D Dieuppeul II, DAKAR, Sénégal",776570306,
AFRIMART IMMOBILIER ET BTP,,,,339422521 takhadiop@hotmail.com
AGEM,or,"Residence Axa Ngor, Route des Almadies Zone 9 villa 20, 
Tambacounda, Sénégal",338246191,
AGEM EXPLORATION SENEGAL,,"Almadies 8, zone 7, NGOR, DAKAR",338246877,
AGENCE DE DEVELOPPEMENT ET D'INVESTISSEMENT,,,338674312/33 827 80 33,adinvest1@orange.sn
"AGENCE IMMOBILIERE ""LA BAIE""",,"75 Bis, Cité Sotiba Pikine, Dakar, Sénégal",77 477 97 28,
AGPL,,"Mbao km18, route de Rufisque, Rufisque, BP 3835 , 
Sénégal",,
AGPL INVESTMENTS PTE.LTD,,"Beach road 11-303, the plaza singapore 199591",,
AGROMINE SUARL,"phosphate de 
chaux","Immeuble Tamaro, Rue 40-41, Mohamed 5, Dakar, 
Sénégal",33 889 78 08,
AGROMINES INTERNATIONAL SARL (AGMIN),,"38 Boulevard de la République, Dakar, Sénégal",777 023 169,
"AIDARA GESTION IMMOBILIERE CONSTRUCTION-
COMMERCE MULTISERVICES","sable de dune Keur Massar, Cité Ainoumady 3, villan°1, Dakar, Sénégal",,33 837 74 73,sagicsocial@yahoo.fr
AL AZHAR MINES ET CARRIERES,grès,"Liberté 6 Extension, Immeuble Touré, Comico 3, Dakar, 
Sénégal",33 869 67 09,holdingalazhar@hotmail.com
ALAMA SUARL,argile,"Amitié 3 N°4372, Dakar, Sénégal",776446844/77 861 30 30,
ALBINA SENEGAL,calcaire,"281, Nord Foire, CICES, Dakar, Sénégal",77 569 15 02,
ALCATRAS INTERNATIONAL,,"Kédougou, BP 57, Sénégal",33 985 15 92/77 518 40 21,"contact@alcaras-
international.com"
ALFA SENEGAL TRANSPORT,,"Guédiawaye, Dakar, BP 19150, Sénégal",,
ALPHA BUSINESS AFRICA GROUP SUARL,basalte,"OUEST FOIRE, CITE A ELMAS N° 218 FACE CICES, Dakar, 
Sénégal",33 820 20 50,
ALUMINIUM DU SENEGAL,,,338257217,
ALYOU,,"villa n°94, Petit Mbao cité promocape, Dakar, Sénégal",77 306 96 36/77 509 98 53,
AMATH NDIAYE INTERNATIONALE PRESTIGE SUARL,,"Zac Mbao, En face Quincaillerie Générale, N°23, Dakar, 
Sénégal",77 605 60 54/33 861 44 91,ndiayeamath44@gmail.com
AMD SERVICES,"sable de dune Keur MOUSSA, Thiès, Sénégal",,33 950 63 03,
AMMSA GROUP LIMITED,,"Jafda n°0F3056, Po Box: 42423 Dubai, United Arab 
Emirates",(971) 4 340 6162,contact@ammsagroup.com
AMTRAC Sarl,,"Gomba, Kédougou, Sénégal",77 525 79 26,
ANCR SENEGAL SARL,,"34, Cité Air France, Ouest Foire, Dakar, Sénégal",,
"ANHUA XIANGLONG MINING Co., Ltd",,,77 298 24 78,2624947517@qq.com
APROMINE SARL,,"Pikine Route des Niayes N°759, DAKAR, Sénégal",77 578 06 72/77 604 86 67,alcalykeitaa@yahoo.fr
ARC EN CIEL,grès,"Cité SHS, Golf Nord, Dakar, Sénégal",33 877 17 23,
ARCELOR MITTAL STEEL HOLDINGS AG,,"Alpen Strass 15, 6304 ZUG, Suisse",,
ARDIMINES,SI,"Villa n°453, Rue Kaolack, Point E, Sénégal",,338251600 contact@ardimines.com
AREZKI S.A,basalte,"Route des Almadies, Zone 6, Dakar, Sénégal",33 869 90 99,dakar@arezkigroup.com
ASCOM WEST AFRICA,,"18 Rue Felix Faure, 6e étage, Dakar, Sénégal",33 821 49 73,
ASIAN GROUP SARL,,"Villa 62, hann Mariste, Cité Orange, Dakar, Sénégal",,772713092 negisanjay86@gmail.com
ASKANWI,,"VILLA 1996, SICAP LIBERTE 3, DAKAR, Sénégal",77 805 76 76,
ASN TRADING & EQUIPEMENTS SARL,,"Bargny Sincone, n°1118, Dakar, Sénégal",,
"ASSOCIATION INTERNATIONALE SECOURS A 
L'ENFANCE ET LA FEMME RURALE",,,77 422 77 77/70 770 77 77,
"ASSOCIATION ISLAMIQUE DE SECOURS A L'ENFANCE 
DESHERITEE",,"12 km de Louga, Route de St Louis, Sénégal",33 987 13 39/77 422 77 77,
"ASSOCIATION NATIONALE DES MARCHANDS D'OR 
COLLECTEURS REVENDEURS (ANMO/CRV)",,"SANDAGA, RUE PAUL HOLL, DAKAR, Sénégal",77 541 03 54,
ASTRON LIMITED,,"8 ROUTE DU MERIDIEN, APPT 5, ALMADIES, DAKAR, 
Sénégal",,
ATIC SARL,or,"N°18, Cité SONATEL, Dakar, Sénégal",,
AXIOM RESOURCES,,"57, Sipres Al Azhar, Rufisque, DAKAR, BP 257 - RUFISQUE, 
Sénégal",33 836 60 31,"axiome.developpement@gmail.
com"
AXIOME DEVELOPPEMENT,,"Place Gaston Berlin gard, Keury Souf, Rufisque, BP 257, 
Sénégal",33 820 34 83/77 642 00 94,
AXMIN LIMITED,,"125 B. Rue Carnot, Dakar-Ponty, BP 21990, Sénégal",33 842 53 52,axmin@sentoo.sn
AZ SERVICES SARL,,"HLM , Fass Paillote, Dakar, Sénégal",77 626 50 10,
BAFOUNDOU RESOURCES SARL,,"Route du Méridien Président contiguë SGBS, Quartier des 
Almadies, Dakar, BP 16998, Sénégal",33 859 60 80,
BAKHOUME BUSINESS COMPANY,,,775671456,
BAMBA INVESTMENT SARL,,"Quartier Hersent , Thiès, Sénégal",775240123,
BAMBADJI SA,"or, cuivre","67, Avenue André Peytavain, DAKAR, Sénégal",338491780/77 638 57 48,
BAMBUK MINERALS,or,"Zone 9, Villa Kandia, Route du Méridien Président, 
Almadies, DAKAR, Sénégal",33 868 30 57,
BANDAFASSI SARL,,"Yoff Cité Biagui N°6, Dakar, BP 30164 RP, Sénégal",33 820 08 36/77 649 53 64,
BANDESERVICES,,"Quartier Dande Mayo, Dimboli, Fongolimbi, Kédougou",,bandenanke@yahoo.fr
BAOBAB MINERALS SARL,,"Liberté VI Nord, Villa N°22907, Dakar, Sénégal",,
BAOBAB MINING AND CHEMICAL CORP SA,,"Lot 50 Bis Sotrac Mermoz , Dakar, 14065 Dakar Peytavin, 
Sénégal",33 860 20 03,atlasressources@orange.sn
BASMALA INTERNATIONAL SARL,,"Gomba, Kédougou, Sénégal",+221 77 439 14 41,
BATI SOLAR,,"Saly, Mbour, Thies, Thies, 778, Sénégal",77 710 40 30,
"BATIMENTS EBENISTERIE CONSTRUCTION 
METALLIQUE ET COMMERCE GENERAL",,"Lot n° 13, 1er étage Léopold Sédar Senghor, Cité Keur 
Damel, Dakar, Sénégal",33 820 69 28,
BB FIRST COMMODITY HOLDING LTD,or,"Villa n°9569, Rue SC 86, Sacré Coeur 3, DAKAR, Sénégal",33 867 60 76,harmony@orange.sn
BEE ENGINEERING SARL,silicium,"SUD FOIRE, Lot n°333 Cices, Dakar, Sénégal",33 867 78 09,
BETA TRADE & CONTRACTING SARL,,"01, Rue Parent, Dakar, Sénégal",338229059/77 795 60 70,"betatrade.contracting17@gmail.
com"
BETAMINES SA,,"CITE KEUR GORGUI IMMEUBLE JOJO FARY APPT 1A N°86, 
DAKAR, Sénégal",338691200/77 784 00 41,
BETON DU SENEGAL SARL,silicium,"Unité 24, Parcelles Assainies, Dakar, Dakar, Sénégal",78 152 36 36,betondusenegal@gmail.com
BHAIRAVA AGRICOL SARL,,"140 BOULEVARD DRS 54 METRES, LOT N° 281 
SANTHIABA, ZIGUINCHOR, Sénégal",776024014,
BIGSAM OR SARL,,"Quartier Dinguessou, Kédougou, Sénégal",78 608 52 17,
BINIA RESOURCES,,"Route du Méridien Président contiguë SGBS, Almadies, 
Dakar, BP 16998, Sénégal",33 859 60 80,
BIRAICHA SUARL,,"9 Avenue Faidherbe , Dakar, Sénégal",77 638 81 25,
BIRIMIAN RESSOURCES SARL,,"Villa n°18 bis, Liberté 6 extension, Dakar, Sénégal",,
BISCUITERIE MODERNE DU SENEGAL,,"Km 20, Route de Rufisque, Grand Mbao",33 870 05 03,
BOKAMINE SARL,,"Dieuppeul 4, N°2891C, Dakar, BP 47317, Sénégal",77 658 11 29,sadioknd51@gmail.com
BONDOU S.A.U,,"Rue F x 2 BIS, Point E, DAKAR, Sénégal",774215849,"rokhayas@chesserrsources.com
.au"
BOUFAN SUARL,,"3 X 8 Médina, Dakar, Sénégal",77 443 62 57,
BOYA SA,or; cuivre,"VILLA 21, OUEST FOIRE, DAKAR, BP 29722, Sénégal",77 436 26 00,milandiao@mac.com
BSM LA BETONNIERE SARL,,"Route du Front de Terre, BP 13118, Sénégal",33 824 50 05,
BSTRATEXO SARL,,"1747, Route de OUAKAM, Dakar, Sénégal",33 824 68 40,
BUISINESS E IVESTOR GRUPO INVERSOR,,"SL RI B64518384C, Paris 1°2, Barcelona, Espagne",,
BUL FAALE PRODUCTION,SI,"VILLA 72, CITE DJILY MBAYE, DAKAR, Sénégal",221 301 193 365,
BURGER,,"10, Rue Ramez, Bourgi, Dakar, Sénégal",77 639 34 65,
BUSINESS DEVELOPPEMENT AGROALIMENTAIRE,calcaire,"villa z/132, HLM, Mariste, Dakar, Sénégal",77 884 86 14/77 645 89 17,stambusiness@gmail.com
BUSINESS LINK GROUP,,"COMMUNE SALY PORTUDAL, QUARTIER SALY NIAKH 
NIAKHAL, Sénégal",776390201,
C&A BUILDING,,"Golf , Cité Aliou SOW, Villa 491, Dakar, Sénégal",33 855 36 21,
C.G.B.S SARL SERVICES,,,,777104030 cgassama@gmail.com
C.S.C TRADING SASU,,"Villa 126, Sicap Foire, Dakar",775328809,
CABIT ENTREPRISES SA,argile,"Allées Seydou Nourou Tall, Villa n°4313, Point E, Dakar, 
Sénégal",33 825 65 15,
CAD LOGISTICS SARL,,"Rue11, Allée Seydou Nourou Tall, Immeuble HAJJAR 1ere 
étage, Dakar, 1170 DKR, Sénégal",33 864 33 77,
CAMISEN,,"5, Avenue Colbert x Place de l'Indépendance, Immeuble 
Air Afrique, Dakar, 23593, Sénégal",33 822 38 71,
CAREX SA,,"5, Cité des Maristes, Hann, Dakar, BP 2247, Sénégal",33 832 57 80,
CARMISEN,,,33 860 74 44,carmisen.senegal@yahoo.com
CARNEGIE CORPORATION LTD,,,,
CARNEGIE CORPORATION LTD/ASTRON,,"Dakar, 25884, Sénégal",,338676076 harmony@orange.sn
CARNEGIE/ASTRON,,"8 Route du Méridien, Appt 5, Almadies, Dakar, BP. 25884, 
Sénégal",338677616/33 867 60 76,harmony@orange.sn
CARREFOUR IMMO SERVICES-SUARL,,"Parcelles Assainies, Unité 10, Keur Massar n10, Dakar, 
Sénégal",77 410 20 51/77 306 37 61,assoubey@hotmail.com
CARRIERE - INDUSTRIE - MINES,,"BP 12007, Sénégal",,
CARRIERE ET SABLES,,"Villa 41, Cité Carrière, Thiès, Sénégal",951 22 17,
CARRIERE JONATHAN KHALIL,,"Rue Amadou DIEYE, Thiès, Sénégal",77 144 30 98,
CARRIEREC.T.G,,,,
CASA BAMBA,,"6 PATTE D'OIE BULLDERS , DAKAR, Sénégal",773158938,
CASE D'OR,or,"93 rue amadou assane Ndoye, 776383787, 
asscasedor@.com, Dakar, Sénégal",77 638 37 87,
"CAYORIENNE DES TRANSPORTS, CARRIERES ET 
TRAVAUX PUBLICS",,"Liberté 6 Ext , lot n°18, Dakar, Sénégal","33 867 73 79/77 788 46 49/ 77 
526 52 71",cayortechno@orange.sn
CB SENEGAL SA,,"YOFF TOUNDOUP RYA, N°84, DAKAR, Sénégal",,
CCIA,,"N°32, Gomba, Kédougou, BP 39, Sénégal",,
CENTRAL SPARE PARTS (CSP),,"MBOUR 1, FACE POSTE DE SANTE THIES, THIES, BP 3239, 
Sénégal",33 954 16 69/ 77 623 53 54,
CENTRALE DE MATERIEL ET MATERIAUX SARL,,"Hann Mariste, L003-Rue H-B 431/n°445, Dakar, Sénégal",77 236 59 27,c2m@c2m.sn
CEPHOS INTERNATIONAL,,"88 Wood street, London ECV 7RS, UK, Angleterre",77 212 40 50,"amadousouleyman@hotmail.co
m"
CERAM,argile,"Sicap Liberté 6, Dakar, BP 16124, Sénégal",,
CERPIL SARL,,"VILLA 5006, Sicap Liberté 4, Dakar, Sénégal",783027418,
CHALLENGE NORD -SUD INTERNATIONAL SAS,,"BLV DE L'EST X AVENUE CHEIKH ANTA DIOP POINT E/123, 
DAKAR, Sénégal,IMMEUBLE SEYDI DJAMIL RUE LEO",77 638 59 84/336 68 45 19 54,
CHALLENGERS ASSOCIATES SARL,silicium,"Hermés, Cité Keur Gorgui, Dakar",77 644 34 75/ 77 614 97 19,
CHEIKH KANE TRANSPORTEUR SAU,,"Km 24, Route de Rufisque, Dakar, 163, Sénégal",,
CHEIKH TRANSPORT CARRIERE,,"Parcelle n°04, Arafat 1, Rufisque, Dakar, Sénégal",77 536 16 91,
CHESSER SAU,,"Rue F x 2 BIS, Point E, BP64688, 10700 Dakar-Fann, 
Sénégal",77 753 44 59,"smcdonald@chesserresources.c
om.au"
CHIALI SERVICES AFRIQUE DE L'OUEST,,"Lot 449 - 450 Zone Industrielle, Sidi-Bel-Abbès, , 22000, 
Algérie","77 835 35 10/ 00 213 (0) 48 70 
33 22 / 33 11",info@groupe-chiali.com
"CHINA GEO ENGINEERING CORPORATION 
INTERNATIONAL SENEGAL SA",,"Route de la Corniche, Coté Société, Ouakam, Dakar, 
Sénégal",33 820 35 55,
CHINA INTERNATIONAL WATER & ELECTRONIC CORP,,,77 694 69 27,
CHINA ROAD BRIDGE AND COORPORATION SENEGAL,,"Rue F, angle David Diop, Fann Résidence, Dakar",33 869 07 51,ageroute@ageroute.sn
CIMAT,,"km7, route de Rabat, AÏN SABA, CASABLANCA, MAROC",+212 0 5 22 67 75 00,
CIMENTS DE L'AFRIQUE,calcaire,"Cité Emergence, Ex Gare routière Pompier, Dakar, 
Sénégal",,
CIMENTS DU SAHEL,calcaire,"km 23, Route de Rufisque",,
CIMSEN SARL,calcaire,"29 Avenue Pasteur, BP 6531-11524 Dakar Etoile, Dakar, 
Sénégal",,
CMD ENTREPRISE,,"5, Avenue Georges Pompidou, Dakar, Sénégal",,
COGEC,basalte,"rue Ahmadou Bamba, Dakar, BP 424, Sénégal",,
COLY MULTISERVICES,,"VILLA 164, CITE GUENTABA1, DAKAR, Sénégal",776486224/ 70 332 71 43,
COMICA,,"Rue 5 X Rue A Point E, Rufisque, Sénégal",,
COMMUNAUTE LAYENNE,,"Yoff, Diamalaye, Dakar, Sénégal",77 654 14 16,
"COMPAGNIE AFRICAINE DE NEGOCE ET 
D'EXPORTATION",,,,338248676 canex.prefab@gmail.com
"COMPAGNIE DE RECHERCHE ET D'EXPLOITATION 
MINIERE SARL",,"Immeuble Fallou LO, Cité Keur Gorgui, 5eme étage, Dakar, 
Sénégal",33 864 67 14,
COMPAGNIE DES ARGILES DU SAHEL,,"7, Avenue Jean Mermoz, Dakar, BP 5365, Sénégal",,
COMPAGNIE DES SABLES DU SENEGAL,,"lot 131, Ouakam Aéroport, Dakar, Sénégal",77 651 23 65,
"COMPAGNIE GENERALE D'EXPLOITATION DE 
CARRIERE",,"Km 23 route de Rufisque, Rufisque, Dakar, BP 96, Sénégal",33 839 87 27/ 33 836 33 88,
COMPAGNIE KHADIM RASSOUL,,"Villa 327, Unité, Parcelles assainies, Dakar, Sénégal",77 650 92 63/ 33 832 12 40,ckhadimourassoul@yahoo.fr
COMPAGNIE KHADIMOU RASSOUL (CKR) Sarl,,"3, rue de Reims, Dakar, Sénégal",776315223,
COMPAGNIE SAHELIENNE D'ENTREPRISE GRANULATS,dI,"ROCADE FANN BEL AIR, Dakar, BP 609, Sénégal",33 832 45 77/ 33 832 29 80,
COMPAGNIE SENEGALAISE DE TRAVAUX PUBLICS,,"Quartier Abattoirs, Tambacounda, BP28, Sénégal",33 832 51 22/ 77 637 27 33,
COMPAGNIE SENEGALAISE DES MINES,or,"12 Rue Jules Ferry, Dakar, BP : 1031 Dakar, Sénégal",,338226937 cs.mines@yahoo.com
"COMPAGNIE SENEGALO MAROCAINE 
D'INVESTISSEMENT",,"566, Cité Apecsy Yoff, Dakar, Sénégal",76 014 22 59/ 78 420 86 04,
COMPLEXE TOUBA KERE,,"villa n°1, HLM Route de Dakar, Sénégal",951 17 53,
COMPTOIR AURIFERE DE L'AFRIQUE,or,"Zac Mbao n°09, DAKAR, Sénégal",775652330/ 393284077505,bancoraf@gmail.com
COMPTOIR COMMERCIAL ABDOU DIENG SARL,,"n°2353, Touba Sandaga, Dakar, Sénégal",76 123 23 23,
COMPTOIR COMMERCIAL BALLA AICHA CCBA SUARL,,,,
COMPTOIR COMMERCIAL BAYE IBRA THIAW,,"Touba Guédé, Diourbel, Sénégal",77 654 72 93,
COMPTOIR COMMERCIAL CCBD suarl,,"Villa n°4, Route de Front de Terre, Dakar, Sénégal",70 520 96 42/ 77 632 53 91,ccbdsuarl@gmail.com
"COMPTOIR NUMISMATIQUE SERGE GUELLE 
KEDOUGOU",,"quartier Mosquée près du Marché central, Kédougou, 
Sénégal",77 774 89 67,
COMPTOIRE COMMERCIAL DAOUDA DIA SUARL,calcaire,"Quartier Liberté 6 extension Unité 13, Dakar, Sénégal",77 644 83 22,
CONDURIL ENGENHARIA SENEGAL,,"186 Avenue Lamine Gueye x rue Jcques Bugnicourt, 6 
ème étage, Dakar, Sénégal",338217490/339614225,conduril@conduril.sn
CONSORTIUM D'ENTREPRISES (CDE),dI,"BP 2384, Sénégal",33 839 59 59,
CONSORTIUM PETROMIR & PETROLINE,,"Immeuble PETROMIR 3625, Bld Martin Luther King, 
Corniche Ouest, Dakar, Sénégal",221775690436/ 221778480606,
"CONSORTIUM SENEGALAISE D' INDUSTRIE ET DE 
COMMERCE",basalte,"RUE 11X16 Médina , Dakar, Sénégal",77 518 41 67,cics.csic@gmail.com
"CONSORTIUM TENDER SA-TENDER AFRICA SARL-
PROSPECTIUNI SA",,"Cité Africa à Ouakam, Villa N°17, DAKAR, Sénégal",,
CONSULTING BUSINESS AGENCY Sarl,or,"SODIDA LOT 8, DAKAR, Sénégal",338422855,
COOPERATIVE D'HABITAT LA SAMARITAINE,,,77 545 28 72,
CORE MINERALS PTE.LTD,,"ICS, Km 18, Rte de Rufisque, BP 3835, Mbao, Sénégal",,
CSE GRANULATS,,"Rocade Fann Bel-Ail, Dakar, Sénégal",33 859 03 00,
CSE/SOSETER,,"ROCADE FANN BEL AIR, Dakar, BP 609, Sénégal",77 332 33 64,
CUBO 4 SARL,,,33 864 45 04/ 33 824 00 24,
CWE SENEGAL SUARL,,"N°13, Pyrotechnique Mermoz, DAKAR, Sénégal",778868091/ 778663537,arthurwxg@gmail.com
DABAKH TRANSPORT,,"Quartier Darou Salam, Rufisque, Lot n° 27, Dakar, Sénégal",77 632 62 10,
DAKAR POST HORIZON CORPORATION SAS,,"Cité Sonatel, , Liberté 6 Extension N°11 , Dakar, Sénégal",,775404530 madiyou@gmail.com
DAKAR-GUEYE GENERAL,,"Route des Niayes, Parcelle n° 7271 , Pikine , Dakar, 
Sénégal",,
DAMASH MINERALS LTD,"phosphate de 
chaux","8 Rte du Méridien Président, Almadies, Dakar, BP 11 241, 
Sénégal",33 820 16 52,
DAMOUNGHAYE SUARL,"sable de dune N° 282, Quartier Arafat III, Rufisque , Dakar, Sénégal",,77 145 33 30,
DANGOTE INDUSTRIES SENEGAL SA,,"4, rue ParchapeXMage, Immeuble Diannah, Dakar, 
Sénégal",33 852 26 35,ft.dangote@gmail.com
DANSOKHO,,"Résidence IMMOFRONT, Appt. 239. Avenue Cheikh Anta 
Diop - Fann- Dakar, Dakar, Sénégal",,
DARAY MAME LAMP CONSTRUCTION,,,77 393 93 62/ 77 876 12 72,
DAROU SALAM SARL,,,77151 55 55,
DEEJA IMMO SUARL,"sable de dune N°9, Fenetre MERMOZ MER, Dakar, Sénégal",,,
DELTA ENTREPRISE SUARL,,"150, Carrieres Thies, Rue CR 14, Thiès, Sénégal",33 951 28 86,
DELTA MINING,,"Villa N°21, Quartier Nimzatt, Thiès, Sénégal",221338674063/ 221775761531,
Dembelé,,"Bargny gare, Bargny, Sénégal",,
DEME SOLARIS INDUSTRIE,,"Ouakam, , Dakar, Sénégal",338603916/338603916,
DEMSEN,,"Bande verte, Lot n°5, VDN, Dakar, Sénégal",776739393,
DG MINING,,"km 16, route de rufisque, Dakar, 18.524 - BP 3527, 
Sénégal",33 879 85 86,sxp@orange.sn
DIAKHA GOLD MINES,or,"Boulevard du Général De Gaulle, Dakar, Sénégal",,
DIALLO IBRAHIMA,,"Malika, Quartier Ousmane Tall, kédougou, Sénégal",77 431 94 04,
DIAMALAYE MINES,,"Paki, Thies",77 644 40 03,
DIAMENTE TECHNOLOGIE,"sable de dune Villa N°6, Nord Foire, Dakar, Sénégal",,226 - 77 199 91 59,
DIAMINE TP,,"4! A Nord foire, Dakar, Sénégal",77 372 50 00,
DIAMON GOL PETROL SL SUARL,or,"Lawol Tamba, Kédougou, Sénégal",77 541 17 77,diamongolpetrol@gmail.com
DIAW MATAR,,"Ross Béthio, dagana, Saint Louis, Sénégal",77 648 94 73,
DIENABA ET JEAN SARL,,,+221 77 078 60 60,
DIENG & CO ENGINEERING SAS,Silicium,"Sotrac, Mermoz n° 135, Dakar, Sénégal",77 455 85 11,
DIENG FAMILY,sable de dune,,780159658/ 78 291 10 26,
DIEUF DIEUL TAWFEKH IMMO SARL,,"Diamniadio, Face de la Mairie, Pole Pout prés station 
essence, Dakar, Sénégal",77 640 08 95,
DIOM MULTI EXPLOITATION,"sable de dune 24, Cité Léopold Sédar Senghor, Thies, Sénégal",,77 384 02 84,
DIONDA SARL,,"Quartier Pont, Tambacounda, Sénégal",76 457 72 06,
DIOP,,"Rue 9, Bopp n° 280, Dakar, Sénégal",,
DIOR GOLD SUARL,,"VILLA 36, PA, U 21, DAKAR, Sénégal",77 645 92 60,
DIST LUB,,"71, Avenue Peytavin, Dakar, Sénégal",33 823 57 78,
DIYAN EXPLOITATION MINIERE SUARL,silicium,"31, Gibraltar, Dakar, Sénégal",77 639 83 18,
DJI GOLD COMPANY,,"N°29, Cité Sipres 2, Sud Foire, Dakar, Sénégal",33 824 51 18,
DMAR GESTION SARL AU,,"103, Avenue Peytavin, Dakar, Sénégal",,
DMS,,,338253045,
DOLY PRESTATION DE SERVICES EMERGENT SUARL,,"Lots N°11/X, Hann Maristes , Dakar, Sénégal",,
DOMAINE ECOLOGIQUE SARL,,"Dakar, BP 1223, Sénégal",33 825 06 81,
DORADO SUARL,,"4e Etage, Villa n°4, Ouest Foire, Cité Air Afrique Extension, 
Dakar, Sénégal",771903334/ 338201147,
EBONY AUSTRALIA TRADE & SERVICES (EATS),"phosphate de 
chaux","VILLA N°42, COMICO VDN, DAKAR, Sénégal",775766512/ 784469385,ebonyafrica2005@yahoo.fr
EBONY NATURAL RESOURCES - SUARL,,"N°9569, Sacré coeur 3, Dakar, Sénégal",338676076/ 776443832,ibadiaw68@gmail.com
ECAR SA,,"Dakar, Sénégal",,338215456 ecarsa@yahoo.fr
ECCOTRA SARL,,"Rue 3 X, Avenue Blaise Diagne, Dakar, Sénégal",33 946 11 08/ 33821,
ECOMINES SA,or,"Point E, Rue 33, Villa 4219, Dakar, Sénégal",774578117,
ECOTRA,,"Km 18, Route de Rufisque, Dakar",33 889 49 69,
ECOTRA SA,,"Rue 30 angle 35, Arrondissement C, Pole Urbain de 
Diamniadio, 4390, Sénégal",,
EDK Oil SA,,"78 M Cité des Magistrats, Lotissement CICES, Dakar, 
Sénégal",338207302,
EDS USA LLC,,"2711 Centerville Road, , Suite 400, Wilmington,, Delaware 
19808 USA",,
EEEMS,,"KM 11, ROUTE DE RUFISQUE, IMMEUBLE REDAT SPA, 
DAKAR, Sénégal","77 804 24 45/ 33 854 24 00/ 
777384738",
EEEMS Sarl,,"Sud Foire, Lot N°40, en face collège MIKADO, VDN, Dakar, 
Sénégal","771226094/ 774515123 / 
773524498",eeemsenegal@gmail.com
EIFFAGE,laterite,"Avenue Félix Eboue, Route des Brasseries, Dakar, Dakar, 
737, Sénégal",33 839 73 39,eiffage.senegal@eiffage.com
EMIS,,"4, Rue Béranger Ferraud, Dakar, Sénégal",,
ENERGIE DISTRIBUTION SERVICES SUARL,,"VILLA 65, UNITE 21, PARCELLES ASSAINIES, Dakar, Sénégal 77 730 60 92",,tourefre@hotmail.fr
ENERGY AND MINING CORPORATION,,"Sacré-Cœur III, n° 9231 VDN, Dakar, Sénégal","2,21339E+11",
ENTREPRISE AFRICAINE DE TRAVAUX PUBLICS,,"Zone industrielle , Thiès, Sénégal",33 951 52 64,
ENTREPRISE AICHA,"sable de dune COMICO, Mermoz n° 36, Dakar, Sénégal",,77166 12 84,
ENTREPRISE AMADOU BOUSSO,,"Lot n°1156, Ndargoundao, Kaolack, Kaolack, Sénégal",77 532 70 70,
ENTREPRISE ASS,,"N°256, HLM GRAND YOFF, DAKAR, Sénégal",77 566 77 53,
ENTREPRISE BELAA,,"PARCELLE 7137, TOUBA PIKINE, DAKAR",,775 380 001 entreprisebelaa@yahoo.fr
ENTREPRISE BOUGAR DIOUF,"sable de dune Ndianda, Fatick, Sénégal",,,
"ENTREPRISE D’ETUDES DE REALISATION ET DE 
SUPERVISION",silicium,"Quartier carrière, Thiès, Thiès, Sénégal",33 951 00 25,
ENTREPRISE GENERALE D'EQUIPEMENTS SARL,"phosphate de 
chaux, 
substances 
connexes","zone industrielle derriere cemg canada, Guediawaye, 
Dakar, Sénégal",33 877 61 09,egesenegal@gmail.com
ENTREPRISE MAME NDIEGNE BTP SUARL,sable de dune,,77 589 97 96/ 77 533 00 86,eakseck@yahoo.fr
ENTREPRISE MAPATHE NDIOUCK,"phosphate de 
chaux","Km 7,5 Boulevard du centenaire, Dakar, 5628, Sénégal",33 832 68 95/ 33 832 17 96,emapathe@orange.sn
ETABLISSEMENT AMADOU DIALLO,"sable de dune Quartier Fass 3, Thiaroye Gare , Dakar, Sénégal",,77 558 22 44/ 76 326 41 43,
ETABLISSEMENT OUSMANE SOW,grès,"Bargny KIP, Dakar, Sénégal",77 646 19 84,
ETABLISSEMENT WI MARS,silicium,"22, Ouest Foire, Dakar",33 868 05 75,
ETS GASSAMA,"sable de dune 633, CITE BELVEDERE, Dakar , Dakar, 15939, Sénégal",,33 825 14 12/ 77 546 10 22,
ETS MAMADOU DIOP,"sable de dune Villa n°232, Golf Sud, Dakar, Sénégal",,77 639 56 98/ 78 141 12 72,
ETS MAMADOU DIOUF CISSE,or,"7321 Sicap Mermoz, Sénégal",,
ETS MOUBARAKA.SUARL,grès,"118, HLM, Hann Mariste, Dakar, Sénégal",77 638 76 17,
FUTURIS IMMOBILIER,silicium,"Mermoz , Pyrotechnique, Dakar, Dakar, 47487, Sénégal",70 925 68 58/ 77 373 29 32,futurisimmobilier@gmail.com
"G.I.E. "" Le Wourous""",or,"Quartier 11 Novembre, Mbour, 339573483 / 77953932, 
orpailleur@yahoo.fr, Thiès, BP 1022, Sénégal",,"2,2134E+11 orpailleur@yahoo.fr"
GADDE BISSIK PHOSPHATES OPERATIONS SARL,phosphate,"Lot 50 Bis Sotrac Mermoz, 14065 Dakar Peytavin, Sénégal",338602003,
GAYE SERIGNE ASS FALLE,"sable de dune Quartier Cheikh Anta , Diourbel, Sénégal",,765130901,
GAZAL CARRIERES,calcaire,"Km 9, Boulvard du centaire , Commune de Dakar, Dakar, 
Sénégal",33 832 91 40,
GB MINERAL SARL,or,"N°91, Cité Dialaye 1, Dakar, Sénégal",775254659,
GECAMINES GRANULATS,basalte,"5, Cité des Maristes, HANN, Dakar, Sénégal",338325780/ 339524243,
"GENERAL D'INGENIERIE ET DE TECHNOLOGIE 
(GENITEC)",sable de dune,"Lot n°8, Liberté VI Extension VDN, 3 étage Appt: gauche 
Imm. Marron en face Camp Pénal, Dakar, Sénégal",30 10 20 607,genitec_int@yahoo.fr
GENERAL SERVICES SARL,or,"93, Rue Galandou DIOUF, Dakar, Dakar, Sénégal",33 827 48 47,generalservices821@gmail.com
GENERAL TRANSPORT AND LOGISTICS SAS,,"Liberté 06 Nord, Liberté 6 Extension, Villa n° 167, Dakar, 
Sénégal",77 903 16 16,
GENERALE DE REALISATION ET D'EQUIPEMENT SARL,calcaire,"1380, HLM, Grand Yoff, Dakar, Sénégal",33 827 90 81,
GEO CONSULTING,"sable de dune 19, ITA, Hann Maristes, Dakar, 47203, Sénégal",,77 529 33 49,
GEO EXPLOIT SARL,or,"Yoff Lot TL8, Dakar, Sénégal",33 860 52 82/338424991,geoexploitdkr@gmail.com
GEOMINE CONSULT SUARL,or,"QUARTIER GOMBA N°9, KEDOUGOU, Sénégal/ BP 25670 
Dakar Fann",77 525 79 26/ 338691200,"cheikh_diop2000@yahoo.fr/ 
contact@geominworld.com"
GERIT SARL,,"Km 18 route de Rufisque , Dakar, BP 13280 , Sénégal",,
GH MINING,manganèse,"Pikine Tally Bou Mak, N°4009, DAKAR",,ghminingtl@gmail.com
GIE CARECIM,or,"Quartier Gomba N°9, 775257926",,
GIE DIOURA DE DIAKHA,or,"Samécouta, KEDOUGOU, Sénégal",77 339 63 25,
GIE DJIGUI,or,"QUARTIER MOSQUEE KEDOUGOU, Kédougou, Sénégal",,
GIE GARAGE SOUF,"sable de dune Mbour, quartier Santhie, Sénégal",,77 631 79 90,
GIE GOLD PLACER,or,"Basé à Tinkoto Bélédougou, Kédougou, Sénégal",,
GIE KEDOUGOU DENTAL,or,,774128953,
GIE SENEGAL KOM KOM PLUS,argile,,33 836 76 58,"giekomkomsenegalplus@gm
ail.com"
GLOBAL IMMO SENEGAL SARL,silicium,"villa n° 11 , Sacré Cœur, Dakar, Sénégal",33 821 79 21,
GOLD COAST,or,"Cité Avion, Dakar, Sénégal",771314470,
GOLDMINE BISINESS,or,"Quartier Dalaba, Kédougou, Sénégal",77 531 50 33,
GOUVERNANCE KEDOUGOU,,Kédougou,,
GOUVERNANCE THIES,,"Avenue Lat Dior, Escale Sud, Thies, BP: 179 A",33 939 54 00,gouvernancethies@yahoo.fr
GOUYE MBINDE CONCASSAGE SARL,silicium,"Touba Darou Tanzil, Diourbel, Sénégal",77 639 17 83,
G-PHOS S.A.U,"phosphate de 
chaux","Rue 3 x C - Immeuble 764A - Point E, Dakar, Sénégal",221 338 251 747,
GR.SL/AA,,,221 938 20 20,"Gouvernancesaintlouis@yahoo.f
r"
GRANDE COTE OPERATIONS SA,"mineraux 
lourds","Atryum Center, 2e étage, 6, Route de Ouakam, Face Lycée 
Français Jean Mermoz, Dakar, BP 16844, Sénégal",33 869 31 81,
GRAVILLONS MMS ET SITOR SA,calcaire,"Km 34, Route de Thies, Bargny, Dakar, 22, Sénégal",77 323 72 66/ 70 109 88 84,
GROUPE AKMG AFRIQUE,,"RUE Leo Frobenius x Av Cheikh Anta Diop, Immeuble 
Seydi Diamil fANN Résidence, DAKAR, Sénégal",338690871,
GROUPE MIMRAN,,,33 889 98 00,
GROUPE TOP HORIZON,,Sénégal,,301074545 grotop-horizon@sunumail.com
GROUPE TRAVAUX BUSINESS BALANCE D'OR,,"ALMADIES LOT N° 371, DAKAR, Sénégal",77 638 38 27,
GROUPEMENT D'ACHAT PHENIX,,"Dakar, BP 3003, Sénégal",338253104/ 301059697,phenixdakar@gmail.com
GROUPEMENT D'ENTREPRISE HOUAR-SINTRAM,,,"2,21338E+11",
"GROUPEMENT DES ANCIENS MILITAIRES ET 
PARAMILITAIRES DE KEDOUGOU",,KEDOUGOU,,
GROUPEMENT HOUAR-SINTRAM,,"HANN MARISTES II, VILLA N° Y 086, DAKAR, Sénégal","2,21338E+11",
GROUPEMENT KHALIL ET SERVICES,,"N° V 24, HLM HANN MARISTE, Dakar, Sénégal",77 442 13 19,
GROUPOO SARL,,"N° 37, Cité SIPRES Mourtada 2, VDN face CSS, Dakar, 
Sénégal",77 524 91 37,
GRUPO VEPANA,,"Lot n°10, Zone 15, Almadies, Route de l'Aéroport, DAKAR, 
Sénégal",33 820 16 52,
GUEYE SAMBA THIAM,,"Quartier Randoulène Nord, Thiès, Sénégal",,
HAGE CONSTRUCTION,,"Route nationale 1, Carrefour Diamniadio, Dakar, Sénégal",,
HAMD SARL,,"Villa n°128 Cité Darou Salam Keur Massar , PIKINE, 
Sénégal",766393445,
HENAN CHINE SENAGAL SA,,"22, Route de Rufisque, Dakar, Sénégal",33 820 00 26,
HERA GOLD,,,777086852,
HERMANOS GARCIA RUBIO,,"CITE CBAO VILLA N° 104, DAKAR, Sénégal",771077844,
HERMANOS GARCIA RUBIO,,"140 BOULEVARD DRS 54 METRES, LOT N° 281 
SANTHIABA, ZIGUINCHOR, Sénégal",776024014/ 971563115500,
HES,silicium,"Rue Birago DIOP X Rue H, Point E, Imm NA 12, 2e étage, 
DAKAR",33 867 95 90/ 77 186 67 21,ndiaye.lamine@hotmail.com
HKB DEVELOPPEMENT,,"N°4291, Rue 33, Point E, Dakar, Sénégal",771022729,
HM LOGISTIQUE SUARL,,"Mermoz Comico, Dakar",,
"HOLDING ATLANTIC MINING PETROLUM "" MINE 
PETRO-SA""",silicium,"Fann Rue Leo Frobenius x Cheikh Anta Diop Immeuble 
Seydi Djamil, DAKAR, Sénégal",777796666/ 33 869 08 38,
HOLDING KEUR KHADIM,,"Thiaroye, Sénégal",,
HOLDING PRESTIGE GOLD SARL,,"Ouest Foire, à coté Elton, Dakar, Sénégal",78 197 77 77,
HOLDING TOUBA KHELCOM,,"VDN, Coté station Elton, Dakar, Sénégal",338204612/ 776423567,"holdingtoubakhelcom@gmail.co
m"
HORIZON PLUS TECHNOLOGIE,,"n°1358, Sicap Liberté, Dakar, Sénégal",338204612,
HUANG LONG GOLD FIELD SUARL,,"VILLA 5000, SICAP LIBERTE 4, DAKAR, Sénégal",338204612/ 777474717,
HYDROBAT INTERNATIONAL,,"VILLA 154, UNITE 05, , PARCELLES ASSAINIES, Dakar, 
Sénégal",338204612,
HYDROMIN SENEGAL,,"52, Boulevard Martin Luther King, Corniche Ouest, Dakar, 
BP 5048 Fann, Sénégal",338204612/ 33 825 98 16,
IMMO TROPIC SARL,,"9 Rue de Thiong, Ponty, Dakar, Dakar, 23690, Sénégal",33 822 64 23,immotropic2008@yahoo.fr
IMPERIAL COMMODITIES SARL,,"Goumbel, Ziguinchor, Sénégal",776509194/ 774346576,
IMPROVE SENEGAL SAS,or,"Immeuble Uno, Liberté 6 Extension, Dakar, Sénégal",776391226,
INDOSEN SARL,,"Pikine Seras, Cité Lobat Fall, en face EDK OIL, Dakar, 
Sénégal",775426739,
INSTITUT AFRICAIN DE L'ENERGIE,sable de dune,,776394455,
INSTITUT GEOSCIENCES DE DAKAR SARL,"sable de dune Villa n°16, MERMOZ PYROTECHNIE, Dakar, 37002",,33 869 14 50,
INSTITUT ISLAMIQUE DAARA DAROU SALAM GAYE,,"DAROU SALAM GAYE, Mbeuth, Dakar, Dakar, Sénégal",77 426 12 37/ 70 764 68 51,
INTER GLOBAL SERVICES SARL,,,77 284 56 57/ 77 988 47 88,gb00004@hotmail.fr
"INTERNATIONAL COMPANY OF TRADE AND SERVICES 
SA (ICTS)",,"KM 10, BOULEVARD DE LA COMMUNE DU CENTENAIRE, 
DAKAR, BP 20796 THIAROYE, Sénégal",33 853 17 17,icts@ictssenegal.com
INTERNATIONAL DAROU SALAM ENTREPRISE,,"PIKINE ICOTAF VILLA 3182, DAKAR, Sénégal",77 664 48 59,
INTERNATIONAL GOLD ALWAR Sarl,,"09 GOLF NORD OCEAN, STATION 10, GUEDIAWAYE, 
Sénégal",77 114 71 85/ 77 316 13 39,
INTERNATIONAL MINING AND GOLD COMPANY,,"VILLA 9748, SACRE COEUR 3, DAKAR, Sénégal",776116858,
INTERNATIONAL MINING COMPANY,,,,
INTERNATIONAL MINING SERVICES SENEGAL,,"Point E, 453, Rue de Kaolack-B-23, Dakar, Sénégal",338251600,
INTERNATIONAL TRADING COMPANYN (ITC),diamant,"641, CAMBERENE II, DAKAR, Sénégal",77 206 00 96,
INTERPORT BTP SARL,,,776173434,
IRION TRANSFERS SARL,,"Patte d'Oie, Route des Niayes, Dakar, Sénégal",77 586 02 30,
IRIS RESSOURCES,,,30118 05 52,
IRON TRANFERTS SARL,,,33 950 12 20/ 70 845 43 74,irontransferts@gmail.fr
IRONSIDE SENEGAL SARL,,"47 BD REPUBLIQUE, BP 143921, DAKAR, Sénégal",33 821 19 16/ 33 822 46 36,
ISLE WORLDWIDE,silicium,"Hann mariste 2, Espace Résidence Immeuble les Dunes, 
Sénégal",772645091/ 772194528,islelimites@yahoo.com
ISOLUX CORSAN,,Sénégal,339910099,
ITAL-TECH sarl,,Ngor Almadies 1 en face cabane du pêcheur app N° 07,33 860 05 57/ 777192293,"sarl.italtech@gmail.com/pas
cocamara1965@gmail.com"
JAMOMINING SARL,or,"124 BLD GENERAL DEGAULE, Sénégal",77 187 38 77,
JEAN LEFEVRE SENEGAL,,"Rue 3XB , Point E, Dakar, Sénégal",33 865 20 12,jls@talix-group.com
JIWANA RESOURCES PTY. LTD.,"lithium,etain","Level 17, Collins St, Melbourne, VIC 3000, Australie",,61 403 522 378 fatou.gueye1@bigpond.com
JUMELLES GOLD SUARL,,"LOT 76, QUARTIER SAM, KAOLACK, Sénégal",33 941 41 00,
K & K COMPANY,,"DAKAR, Sénégal",,
K INTER,,"N° 402, Unité 13 , parcelles Assainies, Dakar, Sénégal",77 631 60 92,
KACTUS GROUP,,"SAS Villa n°6B Hann Marinas, DAKAR, Sénégal",,776390439 kactusgroupsn@gmail.com
KANE ASSAINISSEMENT DU SENEGAL,,"Sicap Mbao, Lot n°06, Dakar, Sénégal",77 328 63 87,
KANEL RESOURCES SARL,,"Sacre-coeur Pyrotechnie, Cité Keur Gorgui, N°86, 
Immeuble Jojo Fary, Appt 1 A, Dakar , BP 25670 Dakar 
Fann",,
KANSALA RESOURCES,,"56, Cité Comico, Liberté 6 Extension, 33 867 57 86, 
kansala@yahoo.fr, Dakar, Sénégal",,
KEDOUGOU BUSINESS & MINING SERVICES SARL,,"Quartier Dande Mayo, Kédougou, Sénégal",776299871,
KEDSEN LLC (ABDEL AZIZ NIANG),,"VILLA 99, CITE CSE, SUD FOIRE, DAKAR, Sénégal",775931809,
KEUR KHADIM BTP ET SERVICES,,"KEUR MBAYE FALL, QUARTIER KAMB, N°07/B, Dakar, 
Sénégal",77 829 16 08,
KEYSTONE,,"26, cote, ouest, 4e étage, Route des Almadies, Dakar, 
Sénégal",,
KHELCOM'S LION,,"DAKAR, Sénégal",33612436543,
KHOUMA COMPAGNIE,,"Sicap Liberté 3, Rond-Pont Jet d'Eau, Dakar, Sénégal",,
KIMI TRADING SARL,,"VILLA 2266, USINE BENE TALLY,",781166666,
KOCHMAN,,"DAKAR, Sénégal/29, Rue Fleurus X Grasland, Dakar, 
Sénégal / Km 34, Route de Dakar, Thiès, Sénégal",,
L&P HOLDING SARL,"phosphate de 
chaux","5, Avenue Geaorges Pompidou, Immeuble Sokhna Anta, 
Dakar, Sénégal",77 637 09 29,
LA CLE SUARL,,"113, Cité CPI , x VDN, Dakar, Sénégal",771861543/ 775690756,lacledulogement@gmail.com
"LA GENERALE DES MINES ET TRAVAUX PUBLIQUES 
SARL",,"Sotrac Mermoz, Villa n°158, Dakar, Sénégal",77 569 72 58,
LA SOCIETE NIAZA BTP SARL,,"Guédiawaye, quartier Notaire Villa N°430, Dakar",,
LAM GOLD COMPANY,,,,
LAM SUARL,silicium,"3046, Amitié, Dakar",33 824 93 39,
LES CARRIERES CTG SARL,calcaire,"Villa 2b, Almadies, Dakar, Sénégal",338 205 863,
LES CARRIERES DE DAROU,silicium,"Villa n°3, Castor, Route du Front de Terre, Dakar, Sénégal",77 235 09 63,
LES CARRIERES DE DIACK,,"Village de Ndiack, Département Thiès, Route de 
Khombole, Dakar, Sénégal",,
LES GRANDES CARRIERES DU SENEGAL,,"Rocade Fann Bel Air , Cerf Volant, Dakar, Sénégal",,
LES GRANDS TRAVAUX DU SAHEL,silicium,"n°418, Rue NG 75 Ngor, entre la rue NG 134 et la rue NG 
138, Dakar, Sénégal",33 820 29 99,
LES MAMELLES SARL,silicium,"n°6925, 2eme étage , Liberté 6, Immeuble G, Dakar",78 152 36 36,
LES MANGUIERS DE BAMBILOR,,,33 825 70 80,moussasow@hotmail.fr
LES NOUVELLES CARRIERES DU SUD SARL,,"Km 11, Route de Rufisque, BP 8782, Dakar, Sénégal",33 839 83 83,
LES SPECIALISTES DU BATIMENTS & TP,,"Bambilor, Quartier, Ndiassane, Thies, Sénégal",77 375 06 95/ 70 745 80 84,
LIBAH INVESTMENTS LIMITED (DPPM),,"29, cité Asecna-Derklé, Tambacounda, Sénégal",,
LIBIDOR,or,"Bopp, Villa n° &é, Rue 9, Dakar, Sénégal",,
LIMETECH SA,,"POINT E, BOULEVARD DE L'EST, VILLA ANTA BIS, Dakar, 
4580 DAKAR-FANN, Sénégal",,"2,21339E+11 limetechsa@orange.sn"
LIN SHI INTERNATIONAL INVESTMENT SARL,,"149, rue Moussé Diop x Victor Hugo, Dakar, Sénégal",221 338 423 388,
LITON GROUP LTD SARL,"sable de dune 13-15, Rue Colbert, X Félix Faure, Dakar, Sénégal",,77 450 45 22,
LOGICOM,,"Villa n°122 B, Liberté 6 Extension, Sénégal",33 867 40 97/,
"LOGISTIQUE, CARRIERES, MINES ET SERVICES 
(LOCMIS) SARL",,"Rue 9 x 11, Point E, Dakar, Sénégal",77 853 76 86/ 77 647 44 30,
LOWRE INDUSTRIES,calcaire,"15403, Sénégal",338258283,
LUCKY OCEAN INTERNATIONAL TRADING SUARL,,"7e étage, Immeuble n°34/36, Boulevard de la République, 
Dakar, Sénégal",338223231,
LYONS FIELD SUARL,manganèse,,770845575,
MADISEN GOLD SARL,,"Lot 57, Résidence Moustapha, Cité Keur Gorgui, Sénégal",771435769,
MADISSIMO,,"Dakar, Sénégal",,
MAGAL GUI CARREAUX Suarl,marbre,,,
MAILLAT,,"Dakar, Sénégal",,
MAKHTAR NIANG,,"QUARTIER KASNACK LOT 372, KAOLACK, Sénégal/ BOPP 
n°169, Rue 7, Dakar, Sénégal",776408839 / 775446167,
MAKO EXPLORATION COMPANY SA,,"8, Route du Méridien Président,, Dakar, Sénégal",33 868 30 57,
MALICK MAGLOIRE LOGBO,laterite,,77 561 28 71/ 76 529 44 96,
MAMADOU SYLLA,,"Dindefélo, KEDOUGOU",77 534 72 13,
MANDINGA RESOURCES SARL,"substances 
connexes, 
uranium","N°4296, RUE PE33, POINT E, DAKAR, BP:10601 Dakar - 
Liberté, Sénégal",33 860 64 32,
MANDINGOLD SA,,"SACREE COEUR 3 X LIBERTE 6, 2 ETAGE, DAKAR, Sénégal",783706537,
MANSOUR YAYOU MANSOUR,,"320, Cité Taco, Rufisque, Dakar, Sénégal",77 353 95 73,
MARSAL TRANSPORT ET LOGISTIC,granite,"28 Boulevard de l'Est, Point E, DAKAR, Les Iles Vierges 
Britaniques",77657 53 40,mountaha20@gmail.com
MASSAWA JERSEY LIMITED,or,"3rd floor Unity Chambers , 28 Halkett Street , St helier 
,Royaume Uni, Angleterre",338491780/ 338491784,
MASSAWA SA,or,67 Av. André Peytavin Dakar/Sénégal BP 887,338491780/ 338494922,
MATLOGEC,,,,
MAURIGOLD LTD,,"6 Streatham Crescent Bryanaton, Randburg, Afrique du 
Sud",,
MAXAJARA INVEST,phosphate,"223 liberté 6 extension, DAKAR, Sénégal",,776382467 maxajara@hotmail.com
MAYA GOLD SUARL,,"Villa n°2266, Usine Bene Tally, Dakar, Sénégal",773699996/ 781166666,
MBAPAMA B.T.P SARL,,"9568, Sacré Coeur 3, Dakar, Sénégal",33 821 12 72,
MBF PROPERTIES SA,calcaire,"7, Rue Félix Faure, Dakar, Dakar, Sénégal",221 33 889 92 12,mbfproperties@gmail.com
MBGS-GIE,basalte,"Villa N° 30D BIS, Patte d'Oie Bulders",33 851 70 88/ 77 654 99 04,
MBOUP NDEYE MAGUETTE,sable de dune,,338213680,
MBS BUSINESS SERVICES,calcaire,"Lot n° 12, SODIDA, Dakar, Sénégal",77 233 05 28,
MG TRADE FINANCES INTERNATIONAL,,"Immeuble Sokhna Anta, Av. Georges Pompidou, Dakar, 
Sénégal",,
MIMRAN,,,"2,21338E+11",
MIMRAN NATURAL RESSOURCES (MNR),,"18, BLD de la République, Dakar, Sénégal",338899800,
MINE PETRO SA,,"Rue Léo frobénius x Avenue Cheikh Anta Diop , Immeuble 
Seydi Djamil, Fann Résidence, Dakar, Sénégal",33 869 08 38,
MINEKIP FOURNITURES MINIERES,,"Bâtiment 174, Immeuble Alpha , Parcelles Assainies , 
Dakar, Sénégal",77 968 08 32,minekip@minekip.com
MINERAL MINING ENERGY,,,77 634 47 23,
MINERAL TRADE GROUP,,"Office 402, Reef Tower, Jumeirah Lake Towers, Dubai, 
DUBAI",,
MING SHENG MINING,,,77 327 78 39,
MINING SHENG MINING,,"liberté 6 extension, DAKAR, Sénégal",773277839,
MISON INTERNATIONALE dU COMMERCE (MIC),,"K1, Scat Urbam, Hann Mariste, Dakar, Sénégal",,
MODOU TOURE GENERAL BUSINESS (MTGB) Sarl,,"Villa n°100, Cité Keur Gorgui, DAKAR, Sénégal",77 281 28 87,
MOUHAMED RASSOUL SECK SERVICES,silicium,"n°12, Point E, Arrêt Seydou Nourou Tall , Dakar, Sénégal",33 825 52 91,
MOUNA TRANSPORT,,"Mboro, Darou Salam, Thiès, Sénégal",77 713 07 52,
MOUVEMENT FEDERAL ANSAROUL AHMADIYA,,,77 646 91 00,
MRL INTERNATIONAL INDUSTRIES SARL,grès,"Villa n°5, Sacré Coeur 1, Sicap, Dakar, Sénégal",77 569 87 65,
MRS MINING SENEGAL SARL,,"4, rue Parchappe x Mage Immeuble Diannah, DAKAR, 
Sénégal",338232302,
MS MINES,kao,"Tivaoune, Quartier Dialo, Thiès, Sénégal",77 275 34 96,
MSB BUSINESS SARL,,"Villa 275, Arafat , Rufisque, Dakar, Sénégal",,774590641 contact@msb-business.com
MSF,,"DAKAR, Sénégal",338329210,
MYA TRADING,,"VILLA N°8, OUEST FOIRE ZONE II, DAKAR, Sénégal",77 643 32 51/ 70 789 30 95,
MYSAKA GROUP SAS,,,772317474,
NABADJI MINERALS,"phosphate de 
chaux",,,338 422 054 contact@nabadjiminerals.com
NABOU TRANSPORT,,"Keur Ndiaye LO, Rufisque, Dakar, Sénégal",77 455 27 99,
NAFPEC,,"36, Boulevard de la République, Dakar, Sénégal",,
NATIONAL CONSTRUCTION,,"69, Rue Robert Bourgi X Lamine Gueye, Dakar, Sénégal",338212282/ 776446955,
NDIOBO ADAMA SUARL,,"313, Espace Mamelle, Dakar, Sénégal",77 659 21 08,
NDIOUK,,"Diamaguène, Thiès, Sénégal",,
NDOYE MASYLLA,sable de dune,,766720956,
NEW ENERGY INVESTISMENT SARL,or,"Fann Résidence, Alliance, Rue SM11/SN08, Dakar",784302088,
NEW SENEGAL INVESTMENT SARL,,"Lot 45, 2ème étage, Yoff virage, DAKAR, Sénégal",781033820,
NIANE SERIGNE MBACKE,sable de dune,,768801618,
NIAZA BTP SARL,,,,
NIBODJI-TRADE-CENTER,,,,
NIKANTE MARMI SARL,,"58/A, HLM, FASS PAILLOTTE, Dakar, Sénégal",,776335727 nikantesn@libero.it
NIOKOLO MINE,,"804 NORD FOIRE DIACK SAO, Sénégal",77 724 64 46,khawadiallo90@yahoo.fr
NIOKOLO MINING SARL,,"Quartier Gomba , Kédougou, Sénégal",775257926/ 774832087,
NOUROUL AMINE SARL,,"Mermoz, 2éme porte, Résidence Santhiago app n°2B, 
Dakar, Sénégal",,"seydinaoumarthiaw@yahoo.co
m"
"NOUVELLE SOCIETE DE CONCASSAGE DE BASALTE DE 
LAMANE",,"Rue 9 villa n°280 , Bopp, Dakar, 3101, Sénégal",33 825 75 57,
"NOUVELLE SOCIETE dES MINES ET DES TRAVAUX 
PUBLICS",,"2, Route du Front de Terre, Dakar, Sénégal",,
"NOUVELLES SOCIETE DES MINES ET DES TRAVAUX 
PUBLIQUES",,"DAKAR, 5365, Sénégal",,338698400 stone@orange.sn
ONDA MINE SARL,,,,
ORANTO PETROLEUM LIMITED,,"Lagos, Victoria Island, Plot 8 water corporation way, 
Nigeria",,
ORIENTAL GENIE CIVIL,,"quartier liberte, villa n°96, Tambacounda, Sénégal",775644148,
ORIENTAL TECHNOLOGIES SARL,,,772212828,
ORIGINES SA-2S,,"1, Avenue Abdoulaye FADIGA, en face BCAO siege, Dakar, 
8808, Sénégal",33 822 14 90,
ORING TECHNOLOGIES SARL,silicium,TIVAOUANE,77 646 91 00,oringtechnologie@gmail.com
ORIONGOLD SUARL,,"Quartier Lawol Tamba, à coté du Centre des Services 
Fiscaux, Kédougou, Sénégal",775282832/ 775410354,oriongldsuarl@gmail.com
OROMIN EXPLORATION LTD,,"Suite 2000-1055 West Hastings street Vancouver B.C 
canada",,
OROSEN SARL,,"Rue31x02, Médina, Dakar, Sénégal","2,21779E+11",
OUMY MBAYE,,"Cité Lobatt Fall, VILLA E ALMADIE, DAKAR, Sénégal",775222425,
Ousmane Services Group,,"Cité Millionnaire, derriere marché grand yoff, Dakar, 
Sénégal",33 867 79 37,
OXIM SERVICES,,"286 Djily Mbaye, Yoff, Dakar, Sénégal",,
PALM RESOURCES,or,"11, Impasse Rue des cocotiers km 4.8 Boulevard du 
Centenaire , Dakar",,
Pan African Senegal Limited,,Dakar Senegal,,
Panafricain Minerals Ressources LTD,,"Birmingham B 186 EW, Rayaume Uni",,
PETOWAL MINING COMPANY (PMC) SA,or,"8, Route du Méridien Président,, Dakar, Sénégal",,
PHOSPHATES RESSOURCES SARL,,"Route du Méridien, Almadies, Sénégal",338596080,
PIKINE MINING,,Almadies zone 15,,
PLANETE GOLD AFRICA,,,77 632 61 15,
PLASMA,,,338253045,
PMPS MINING COMPANY SARL,,"Rue 59x70, Fann-Hock, Dakar, Sénégal",77 677 08 86,info@pmpsmining.com
POINT OF VIEW,calcaire,"Immeuble le Sawa, 1er étage, Route de Ouakam, Dakar, 
Sénégal",33 824 68 40,
PRESTACOM SENEGAL SUARL,,"Villa F54 Scat Urbam, Grand Yoff, Dakar, Sénégal",77 943 49 49/ 78 184 82 18,"prestacomsenegalsuarl@gmail.c
om"
PROCHIMAT,"phosphate de 
chaux","Rue Jean Mermoz, Dakar, 17948, Sénégal",,
PRODEMINE LTD,,"8, ROUTE DU MERIDIEN PRESIDENT, ALMADIES, DAKAR, 
11241, Sénégal",,"2,21338E+11 bafatou@wafripro.com"
PROFILEX COMPANY,silicium,"villa n° 5 , Yoff Aéroport, Cité Djily Mbaye, Dakar, Sénégal",33 868 73 73/ 77 577 00 31,
PROMSPEC,,"Sud Foire cité des magistrats villa 99, Dakar, Sénégal",77 510 10 23,contact@prompec.net
PROSPECTIUNI,"or, 
substances 
connexes","Route du Méridein Président contigue à la banque SGBS 
Almadies",,
PRYM'OR,,"RUE 2XF, POINT E , DAKAR, Sénégal",78 177 51 51,
PSS SERVICES,,"Thiès, Quatier Diamaguène, Sénégal",77 568 21 66/ 77 900 45 45,
QINGNING SUARL,,"Rue de Thiès, immeuble Gnagna, 4e étage, Dakar, Sénégal 33 864 51 02",,
RACKY PRESTATIONS TECHNIQUES SARL,,"Sicap Amitie 2, Villa n°4068, Dakar, Sénégal",77 644 96 17/ 77 567 01 17,
RAMATOO,"sable de dune 79, Fass casier, Place de l'ONU, Dakar, Sénégal",,77 785 08 18/ 77 526 44 12,
RAMATOULAYE NDIAYE,"sable de dune ILOT H73, Hann Mariste, Dakar, Sénégal",,,
RAZEL SENEGAL,,Dakar,338491949,
RAZEL SOGEA SATOM,,"SANAR PEUL, SAINT-LOUIS, BP 949, Sénégal",,
REFLEXE CONSTRUCTION,,"Thiaroye, Gare , Dakar, Dakar, Sénégal",77 256 93 74,
"REGROUPEMENT DES CHAUFFEURS DE CAMIONS 
BENNES DE NGEKOKH",,"Mbour , quartier Santhie, Thiès, Sénégal",774422029,
RIVERDALE RESOURCES LIMITED,,"Elisabeth House 9 Castle Street St Helier, Jersey, 
Angleterre",,
ROCAMJO SUARL,,"Quartier Pont, Tambacounda, Sénégal",777192293,
ROCHES BETONS ET OUVRAGES DU SENEGAL SARL,,"30 , Rue Tolbiac, Ely Manel Fall, Dakar",33 821 33 11,
ROKAMKO,,"76, Rue Amadou Assane Ndoye, Dakar, Sénégal",,
RSP GROUP (EST AFRICA),,"DAKAR, Sénégal",,
RSW INC.,,"1010, Rue de la Gauchetière Ouest, Bureau 500, 
Montréal, Canada",,
RUF UNIVERSEL SERVICES SARL,,"Hotel Coumba Lamb, Rufisque, Dakar",33 870 00 15,
S DOM HOLDING GOLD SARL,,"villa 1120, Ouest Foire, à coté ELTON, Dakar, Sénégal",77 642 35 67,
S&S INDUSTRIAL COMPANY LIMITED,,,,338601663 info@dakarfirst.com
SABODALA GOLD OPERATIONS SA (SGO),or,"Immeuble 2K Plaza Suite B4, 1er étage, Route du 
Méridien Président, Almadies, Dakar, Sénégal",,
SABODALA MINING COMPANY,"or, 
substances 
connexes","29, Cité Asecna-Derklé, Dakar, Sénégal",,
SABOUGNOUMA SARL,,"SARAYA, KEDOUGOU, Sénégal",,
SADIO TRADING,calcaire,"N°85, Hann Mariste, Dakar, Sénégal",77 651 22 92,
SAFIA IMPORT EXPORT,,"Villa n° 344, Ngor Virage, Dakar, Sénégal",33 820 12 06,
SAGNA GOLD,,,,775527585 sagnamichel1365@gmail.com
SAHEL INVESTMENT & CONSULTING,,"20 Rue Amadou Assane Ndoye x Saint Michel, Dakar, 
Sénégal",77 544 76 12,
SAHEL MINERALS SARL,"cu, 
substances 
connexes","N°4296, POINT E, DAKAR, Sénégal",33 827 87 46,
SAHEL MINING SERVICES SARL,silicium,"Hann Maristes, Fort B, Villa n° 07, Dakar, Sénégal",33 864 40 07,
SAKHO MAME KHADY,,,773783716,
SALAM GOLD,or,"24, Martin L. King Immeuble Sakina, App. A2 , BP.25444, 
Sénégal",338278033,
SALIOU MBAYE,,"Demeurant à Mbayakh, Thies",775359568,
SALIOU MINES INDUSTRIES ET TECHNIQUES,"sable de dune village, Bayakh, Diender, Thies, Sénégal",,77 535 95 68,smitsaliou@gmail.com
SALL PAPA SANGONE,,,775682166,
SALLA NIANG Sarl,or,"Villa 3821, Immeuble Bijouterie de l'islam, Tally Boumak, 
Pikine, DAKAR, Sénégal",77 704 59 06/ 70 560 73 56,itigathie@gmail.com
SALOUM AVICOLE,,Route des Niayes,780130490/ 768613303,
Saloum Ressources Sarl,,"Dakar, 16998, Sénégal",338596080,
SALOUM TRAIDING SERVICES-SARL,,"Thiaroye Gare Quartier Miname 01, Dakar",776485066,
SAMA GOLD,,"651, Fith Mith, Golf Sud, Dakar, Sénégal",779500428,
SAMAIPO SARL,,"R124 , CITE KEUR GORGUI, DAKAR, Sénégal",77 380 62 82,
SAMB CONSULTING,,,338644861,
SANDIARA PRESTIGE GROUP,,"Parcelle n° 115 B, Lot Zo, Zone industrielle, Mbour, Thiès, 
Sénégal",77 428 33 75,
SANTARGILE,,"Route DE L'AEROPORT LOT N°8, DAKAR, Sénégal",33 864 44 75/ 78 129 69 07,
SANTARGILE SA,,,762242559,
SAREQ GROUP,,"Point E, Canal 4, Allées Thierno Seydou Nourou TALL, 
Dakar, Sénégal",33 867 69 89,contact@sareqsn.com
SARR BOUNA,,"34,, Liberté 6 Extension , Dakar, Sénégal",,
SARR GLOBAL TRADING,,"villa n°354, Cité Belvédéré,Daliford , Dakar, Sénégal",,"2,21774E+11 babsarr2003@yahoo.fr"
SARSARA INDUSTRIES,,"Dakar, Sénégal",338202084,
SCATY INDUSTRIES,basalte,"109 RUE GALANDOU DIOUF, DAKAR, Sénégal",33 865 94 55,
SCI COSEPRIM,,"Rue 13, Avenue Blaise Diagne, Médina, Sénégal",77 561 62 09,
SDK MINING SA,,"Rue 11x12 Medina , 33 821 11 51/ 70 722 45 79, Dakar, 
Sénégal",33 821 11 51,
SECAMI,calcaire,"521, HLM Grand-yoff, Dakar, Sénégal",,
SEGIMAR SA,marbre,"almadies, Lot n°04, coté des Nations unis, Dakar, 4208, 
Sénégal",33 868 26 07,
SEMAC SA,silicium,"Mole 10, Port de pêche, Dakar, Dakar/ N°15, Route de 
l'Aéroport, Dakar, BP 45402, Sénégal",33 822 58 45/ 33 825 54 55,semacsa@orange.sn
SEMM SUARL,,776339539,,
SEN AFRICA SERVICES,,,,
SEN ITA GOLD,,"DAKAR, 17490, Sénégal",,
SENECORPORATION,,"Avenue Cheikh ibrahima NIASS, cité FADIA, Dakar, 
Sénégal",221338351003/ 221338351001,
SENEGAL DIASS MINES SUARL,,"32, centre commercial El hadji Maodo Sylla, Grande 
Mosquée, Dakar, Sénégal",77 901 86 20,
SENEGAL GOLD RECORD TRADING,,,,
SENEGAL MINERAL RESOURCES SA,"mineraux 
lourds","N°9569, Sacré coeur 3, Dakar, Sénégal",,
SENEGAL MINERGY PORT,,"21, Route , des Almadies, Dakar, Sénégal",33 820 90 05,
SENEGAL MINES,,"22, Avenue Pasteur, Dakar, Sénégal",,
SENEGAL MINING & SERVICES CORPORATE,,"72, Boulvard de la République, Dakar, Sénégal",77 850 79 90/ 33 860 78 89,africinvest71@gmail.com
SENEGAL MINING CORPORATION SA,,"7 Allée Hann Marinas, Dakar, Sénégal",774591800,
SENEGAL MINING RESOURCES,,"17, Rue Huart, Dakar, Sénégal",,
SENEGAL MINISTRY OF MINES,,,,
SENEGALAISE DE COMMERCE ET DE SERVICES,silicium,,,
SENEGALAISE DE DEVELOPPEMENT F-SY,,"Village de Saraya, Route de Moussala, KEDOUGOU, 
Sénégal",,
"SENEGALAISE DE NEGOCE ET DE PRESTATION DE 
SERVICES SARL",,"7, Nord foire, Dakar, 1806, Sénégal",33 820 20 42,
"SENEGALAISE DE VOIRIE DE TRAVAUX PUBLICS ET DE 
GENIE CIVIL",,"Km8, Boulevard du centenaire, Dakar, BP 10449, Sénégal",33 832 33 77/ 33 832 33 99,
SENEGALAISE DES INDUSTRIES,,"45 rue Raffanel, Dakar, Sénégal, Dakar, 56582, Sénégal",221338985652/ 221338223636 Sdisenegal@sentoo.sn,
SENEGALAISE DES MATERIAUX DE CONSTRUCTION,,,338 255 455,
"SENEGALAISE DES MATERIAUX MINERAUX ET 
METAUX",,"Lot n° 52, Lotissement du TF 5019/DG, Yoff virage, Dakar, 
Sénégal",77 213 54 54,
SENEGALAISE D'EXPLOITATION MINIERE,,,,338222159 talentgridservices@gmail.com
SENEGALEASE GREEN GOLD (SEGG),,GOROM II,775098098/ 774469643,
SENEGINDIA SARL,basalte,"Sébi, Ponty, Diamniadio, 20055, Sénégal",33 836 89 80/ 33 820 77 96,contact@senegindia.com
SENEMINE,,"POINT E RU KAOLACK X CANAL4, DAKAR, Sénégal",,776110101 seneminre.sn@yahoo.com
SENETRANS AFRICA BUSINESS (SETAB),,"21 Bis, Route de l'Aéroport LSS, Dakar, Sénégal",33 860 36 76/ 70 733 36 61,infosetab@gmail.com
SENFOR SARL,,"VILLA 10207, SACRE COEUR 3, VDN, DAKAR, Sénégal",,
SENGOLD COMPANY,,"Dakar, Sénégal",338203143,
SENGOLD MINING N.L.,,"11, Yoff Ranrhard 2, Dakar, Sénégal",,
SENIP SENEGAL GROUP SARL,or,"SALAM 1, GUEDIAWAYE, DAKAR, Sénégal",77 484 52 22,
SENOR GROUP,,"Castor Avenue Bourguiba x Cheich Ahmadou Bamba, 
Dakar","338241059/ 76 685 57 
11/775689710",senorgroup@gmail.com
SEN-STONES,silicium,"Lots jummelés N°54 et 55, Liberté 6 Extention, Dakar, 
Sénégal",338670412,
SENTHRAS SURl,,,,338321715 senthras@senthras.com
SERIGNE SALIOU MBACKE SARL,or,,776423567,
SESAM GOLD SARL,or,"Villa N°4, Cité Comico II VDN, DAKAR, Sénégal",77 631 72 64,
SEYE,,"Thiaroye, Dakar, Sénégal",,
SHEKINA GROUPE,,,78 136 48 63,
SIAP,,"120, Avenue Pdt Lamine Guèye, Dakar, Sénégal",33 889 07 07,
SIDIYA TOURE,,"QUARTIER DALABA, Kédougou, Sénégal",773549154,
SIMEC ENTREPRISES,,"Sacre coeur III N°52 VDN, 776393950, 
m.sarr@hotmail.com, Dakar, Sénégal",,776393950 m.sarr@hotmail.com
SINEB DAROU NAKHIME SARL,silicium,,77 575 59 09/77 638 68 22,
SINTRADIMMO SA,,"RUE PARCHAPPE IMMEUBLE FAYCAL 13 EME ETAGE APPT 
N° 04",,783095353 dakarwang@yahoo.fr
SIPRES,,"Dakar, 16211, Sénégal",,338691500 info@sipres.sn
SIRK INTERNATIONAL MINING SUARL,,"Km10, Route de Rufisque, Dakar, Sénégal",78 371 97 88/ 22377887788,
SK MINING OPERATIONS SARL,,"N° 13, Lot Artisanal, ZAC Mbao, Dakar, Sénégal",338239837/338326701,
SKY SENEGAL SUARL,,"28, Route des Almadies, Dakar, Sénégal",78 305 16 16,SENEGAL@SKYGROUP.CC
SN MINERAL MINING,,"8 Rte Du Méridien Pdt Almadies, 338201652, Dakar, 
Sénégal",338201652,
SNEPAC INTERNATIONAL SARL,,"BP 23691 Dakar Ponty, BP 23691, Sénégal",776346676,
SO.CE.MI.CA,,"Siège social: Cité Djily Mbaye, Lotissement n° 455 - Yoff 
Diamalye, DAKAR, Sénégal",,
SOBAMO TP,,,,338 205 023 contact@sobamo.com
SOCABEG SA,,"Liberté 6 extension, Route des HLM Gd Yoff, face stade 
Khar Yalla, DAKAR, Sénégal",33 869 64 63,
SOCAM SARL,,,70 450 45 15,socam@hotmail.fr
"SOCIETE ""S3D"" SARL",,"Gomba, Kédougou, kédougou, Sénégal",76 515 03 11,
"SOCIÉTÉ AFRICA TRADE AND INVESTMENT 
CONSULTING SARL",silicium,"n°18, Cité SONATEL, Dakar, Sénégal",77 177 49 78,
"SOCIETE AFRICAINE D'ACHAT DE RACHAT ET DE 
DISTRIBUTION",,"Zone Industrielle Sud , Rocade Fann , Bel-Air, Dakar, 
Sénégal",33 832 69 05,sardi@orange.sn
"SOCIETE AFRICAINE DE DEVELOPPEMENT 
ECONOMIQUE ET SOCIAL INTEGRE",,"15, Cité Adama Diop, Yoff Layéne, Dakar, Sénégal",33 820 08 66,sarl.sadesi1113@gmail.com
SOCIETE ALMUDO SARL,,,33 8825 60 92,info@almudo.sn
SOCIETE ATLANTIQUE HYDROCARBURE GROUPE,,,776387669/338232525,
SOCIETE AUXILIAIRE D'ENTREPRISE,,"Dakar - Fann, sénégal",,
SOCIETE BENKHADY BAMBARAYA SARL,or,"Bambaraya, Kédougou, Sénégal",76 687 13 19,
SOCIETE CAPITAL PLUS,silicium,,77 145 62 69,
SOCIETE CENTRALE DES TRAVAUX,laterite,,338599191,
SOCIETE CIVILE IMMOBILIERE,basalte,"13, Avenue Malick Sy, Dakar, Sénégal",33 821 30 54,scidd01@gmail.com
SOCIETE CIVILE IMMOBILIERE S.C.I.D.D,,"13, Avenue Malick SY, Dakar, Sénégal",33 821 30 54,
SOCIETE COMMERCIAL NDIABOUR NDIGAL SA,sable de dune,,77 487 80 22/ 77 442 58 72,
"SOCIETE COMMERCIALE INDUSTRIELLE 
AGROPASTORALE ET TRANSPORT",,"rue Ely Manel Fall, Sénégal",,
"SOCIETE COMPAGNIE MOUHAMADOU BEN SALIM 
SUARL",,"Quartier Nasroullahi, Médina Gounass, Sénégal",,
"SOCIETE D'AMENAGEMENT DE BATIMENT ET 
D'ETUDES GENERALES (SOCABEG)","phosphate de 
chaux","1er ETAGE, LIBERTE 6 EXTENSION, Route des HLM Gd 
Yoff, face stade Khar Yalla, DAKAR, BP 1270, Sénégal",33 869 64 63,info@socabeg.com
SOCIETE DE BATIMENT et TRAVAUX PUBLICS SUARL,sable de dune,"Route des Niayes, Face Collége Hyacinthe Thiandoum, 
Dakar, Sénégal",77 638 69 40,
SOCIETE DE BATIMENT MODERNES,,Sénégal,338305012,
"SOCIETE DE BATIMENTS ET DE TRAVAUX PUBLICS 
SARL",silicium,"Route des Niayes, face Hyacinthe Thiandoum, Dakar, 
Sénégal",77 638 69 40,
SOCIETE DE CARRIERES & MINES SARL,,"zone industrielle SODIDA 2, DAKAR, Sénégal",779630890/ 704504515,socam@hotmail.fr
Société de Commerce de Produit d'Acier,,,,
"SOCIETE DE COMMERCIALISATION DU CIMENT 
(SOCOCIM)",,"Rufisque, Sénégal",,
SOCIETE DE CONCASSAGE ET DE BETON (SO.CO.BE),,"0-80 , Hann Mariste, Dakar, Sénégal",77 154 34 00,
SOCIETE DE CONCASSAGE ET DE BETON SARL,,,78 480 66 66,
"SOCIETE DE DEVELOPPEMENT ET D'APPLICATIONS 
TECHNIQUES",,"Baie de Hann Marinas, Villa K I, Dakar, Sénégal",,
"SOCIETE DE FORAGE ET DE TRAVAUX PUBLICS 
MINING",,"villa n°9148, Sacré Coeur 3, Dakar, Sénégal",786 381 699,
SOCIETE DE GENIE CIVIL SA,,"Lot n° 12, Sotrac Mermoz, Dakar, 25036, Sénégal",33 859 07 72,
SOCIETE DE GESTION DES CARRIERES DU SENEGAL,,"Cité Sidak, Quatier Diakhao, Thiès, Sénégal",,
"SOCIETE DE NEGOCE D'INTERMEDIATION ET 
D'INVESTISSEMENT (SN2I)",,"Villa 2396/E, DIEUPPEUL II, Rue 13, Dakar, Sénégal",78 389 09 39,sn2isenegal@gmail.com
"SOCIETE DE RECHERCHE ET DE DEVELOPPEMENT DES 
MINES SA (SORED-MINES)","or, 
substances 
connexes","N°24, Cité SONATEL, Ouest Foire, BP 29595, Dakar, 
Sénégal",,
"SOCIETE DE TRAVAUX PUBLICS DE BATIMENTS ET DE 
TRANSPORTS NETTOIEMENT",laterite,,33 832 82 16,sotrapbat.net@gmail.com
SOCIETE D'EQUIPEMENT ET DE CONSTRUCTION,basalte,"Km 4,8 Boulevard du Centenaire, Rufisque",338 599 090,
SOCIETE DES MINES DE FER DE LA FALEME (MIFERSO),,"7, rue Mermoz, Dakar, BP:6082",,338490769 miferso@sento.sn
SOCIETE DES MINES DU SENEGAL (SODEMINES),or,"VILLA N°3, OUEST FOIRE, CITE DABAKH MALICK, DAKAR, 
BP 21498, Sénégal",,338 682 940 souley60@gmail.com
SOCIETE DES TERRES NEUVES SARL,,"QUARTIER GARE ROUTIERE, FACE STS, THIES, Sénégal","2,2134E+11",
SOCIETE DES TRANSPORTS ET DES TRAVAUX PUBLICS,,"Rue 1,zone industrielle, Dakar, Dakar, Sénégal",,
"SOCIETE DES TRAVAUX PUBLICS DE BATIMENTS ET DE 
TRANSPORTS NETTOIEMENT",,"Km 8.5, Route de Rufisque, Dakar, Sénégal",33 832 55 37,
"SOCIETE D'ETUDES ET DE REALISATION DES 
PHOSPHATES DE MATAM (SERPM)",,"5,Boulevard du Sud, Point E, Dakar, Sénégal",,
SOCIETE D'EXPLOITATION DE CARRIERES SUARL,,"Sangalkam, Keur Ndiaye Lo, Dakar, Sénégal",78 176 07 50,
SOCIETE D'EXPLOITATION DES CARRIERES DU BAOL,,"Khombole, Sénégal",,
"SOCIETE D'EXPLOITATION DES GISEMENTS DE 
MARBRES",,"Sacré Coeur 3 villa n°10297 , Sud VDN, Dakar, Sénégal",,
"SOCIETE D'EXPLOITATION DES MINES ET CARRIERES 
(SEMC)",,,77 663 96 66/ 338238984,
SOCIETE DIAMADA INTERNATIONAL,silicium,,78 592 22 61,
SOCIETE DIASS MINES SUARL,,"32, Centre Commercial El hadj Maodo Sylla , Dakar, 
Dakar, Sénégal",70 402 88 41,
SOCIETE D'INVESTISSEMENT INDUSTRIEL,,"Immeuble I n°6947, , Rond Point Liberté 6, DAKAR, 
Sénégal",77 597 01 98/ 77 796 17 72,groupes2i@gmail.com
SOCIETE FATOU NDOUR,,"DIASS, THIES, Sénégal",,
SOCIETE FRIBRO-MAC,,"SODIDA N°62, Dakar, Sénégal",,
SOCIETE GAILLAC-GUEYE SARL,,,,
SOCIETE GENERALE DES TRAVAUX PUBLICS,,"S94, Hann Mariste, Dakar, Dakar, Sénégal",77 666 62 56,sgtpsn@hotmail.com
SOCIETE GENERALE NDIAMBOUR NDIGAL,,"Ndiambour, Sine, Diourbel, Sénégal",77 487 80 22,
SOCIETE IMMOBILIER 3KF,,"KEUR NDIAYE LO, Dakar, Sénégal",777290733/ 73187433,
SOCIETE IMMOBILIERE AFRICAINE,,,338212500,
"SOCIETE IMMOBILIERE WAKEUR MAME CHEIKH 
IBRAHIMA FALL",,"Hlm Rufisque, en face stade ngalandou Diouf, Rufisque",,
SOCIETE INDUSTRIE AFRICAINE DES VERRES IAV-SA,,Dakar senegal,,
"SOCIETE INDUSTRIELLE AGRO-ALIMENTAIRE POUR 
L'AFRIQUE DE L'OUEST",,"48, Rue Abdou Karim Bourgi, 221776335195 
/221778185088, exportbarry@yahoo.fr, Dakar, 14224 
Peytavin, Sénégal",221776335195/ 221778185088 exportbarry@yahoo.fr,
"SOCIETE INDUSTRIELLE DE TRAITEMENT D'ORDURES 
MENAGERES (SITROM)",,"n° 5386, Sicap Liberté 5, Dakar, Dakar, Sénégal",33 824 08 92,hadaafrique@yahoo.fr
"SOCIETE INDUSTRIELLE ET COMMERCIALE DE 
L'AUTOMOBILE DU SENEGAL (SICAS)",calcaire,"Km 2,5 Boulevard du Centenaire de la Commune de 
Dakar, Dakar, BP 458, Sénégal",338490191,
SOCIETE INDUSTRIELLE ET MINIERE SUARL,,"Hann Mariste, Immeuble Q2, Appartement B2, Dakar, 
Sénégal",,
SOCIETE INTERNATIONALE DES BIENS ET SERVICES,,"130, Boulevard du Centenaire, Dakar, Sénégal",,
SOCIETE MINIERE DJIBREIL DIAGNE MON PARENT,,,77 636 06 51,
SOCIETE MINIERE DU DIOBASSE SA,,"Cité Hamo, Villa n°IS/10 Cambérène BP.10745 Dakar Fann 
Sénégal, BP.10745 Dakar Fann Sénégal, Sénégal",,
SOCIETE MINIERE INDUSTRIELLE ET COMMERCIALE,,,338 548 283,
SOCIETE NDIGUEULE FALL,laterite,,7 792 130 730,
"SOCIETE OUEST AFICAINE DE CONCASSAGE (SOAC) 
SARL",,"7761, Mermoz 1ere porte, Dakar, Dakar, Sénégal",,15146045407 soac.sarl@gmail.com
SOCIETE POLYMARBRE BZOU FES,,"Cité Lobatt Fall, n° 21, Pikine, Sénégal",,
SOCIETE QUMBA MORT ET COMPAGNIE,,,,778911582 madasamb@yahoo.fr
SOCIETE SEN AFRICA SERVICES,,,,
SOCIETE SENEGALAISE DE CHAUX,,"Siège Sociale Cité Djily Mbaye,N°96, RC N° : SNDKR 2008 
B7995, Sénégal",+221 77 307 24 11,bassirou@bluewin.ch
"SOCIETE SENEGALAISE DE COMMERCE ET DE 
SERVICES SARL",,Route des Pères Mariste N°27,77 630 72 72/ 77 650 43 08,sosecositalinea@gmail.com
SOCIETE SENEGALAISE DE CONCASSAGE  (SSC),,"Sampathé, Thiès, Sénégal, Sénégal",764651942/ 776916593,
"SOCIETE SENEGALAISE DE CONSTRUCTION ET D 
'AMENAGEMENT",,,,776398794 elimanehamidinesy@yahoo.fr
"SOCIETE SENEGALAISE DE CONSTRUCTION ET DE 
PROMOTION IMMOBILIERE",,,,338240999 scpisen@gmail.com
"SOCIETE SENEGALAISE DE DEVELOPPEMENT ET DE 
PRODUCTION MINIERE ET SERVICE (SDPR MINES) 
SUARL",,"Lot n°234, Qrt Kasnack, Kaolack, Kaolack, Sénégal",78 143 17 55,
SOCIETE SENEGALAISE DE GRAVIERS SARL,silicium,"Villa n°211, Lot 8, Almadies, Dakar, Sénégal",221 33 825 91 65,
"SOCIETE SENEGALAISE DE MATERAUX CARRIERES ET 
NEGOCE",,,339577526/ 776399056,
SOCIETE SENEGALAISE DE TRANSPORT SUR CHANTIER,,"333, Guédiawaye Wakhinane, Dakar, Sénégal",77 237 28 72,
SOCIETE SENEGALAISE DES MINES ET CARRIERES,,"13, CITE DOUANES, OUEST FOIRE, DAKAR, Sénégal",33 820 99 60,
SOCIETE SENEGALAISE DES PHOSPHATES DE THIES,,"14, Avenue Borgnis-Desbordes, Dakar, Sénégal",,
"SOCIETE SENEGALAISE DES TRANSPORTS, TRAVAUX 
HYDRAULIQUES, ROUTES ET ASSAISSEMENTS",,"km 8.5 Boulevard du centenaire, Dakar, Sénégal",,338 321 715 senthras@senthras.com
"SOCIETE SENEGALAISE D'EXPLOITATION DE 
CARRIERES (SOSECAR)",basalte,"Rue Ousmane Diop, Rufisque, Sénégal",,
"SOCIETE SENEGALAISE D'EXPLOITATION ET DE 
TRANSPORT DES PRODUITS MINIERS SARL",,"VILLA N°353, Cité Darou Salam Keur Massar, DAKAR, 
Sénégal",78 129 48 82/ 78 129 48 81,
SOCIETE SENEGALAISE D'INTERMEDIATION,,Bp 19675,338 371 970,
SOCIETE TIMITA TECHNO SERVICES,silicium,"villa 6048, Sicap Liberté 6, Dakar, Sénégal",77 509 85 87,
SOCIETE TOUBA NIBODJI SUARL,,"Marché Central, Kédougou, Sénégal",77 623 15 15,
SOCIETE WAAGAAN BTP SARL,silicium,,77 560 77 99,waagaanBPT@gmail.com
SOCIETE ZHENGWEI TECHNIQUE SENEGAL (WIETC),,"Villa 211, Lot, Almadies, Dakar, Sénégal",78 388 28 79,
SOCIETE ZZZZ,,"103, Liberté 6 Extension, Dakar, Sénégal",,
"SOCIETED'INVESTISSEMENT DE NEGOCE ET DE 
BAMIMENT",,,"2,21776E+11",
"SOCIETES DE FORAGES ET DES TRAVAUX PUBLICS 
(SFTP)",,"5e étage, Immeuble Numero UNO, , Liberté 6 Extension, 
DAKAR, Sénégal",776391226/ 338676607,
SOCODIS INTERNATIONAL,,"CICES FOIRE, 1ere étage Immeuble GMC, Appartement 
1A, Dakar, Sénégal/ Cité Ainoumadji, N°05 AC, Keur 
Massar, DAKAR, Sénégal",77 549 92 45/ 77 445 41 57,
SODEMINES,or,"villa N°3, BP 21498",,
SODIPROSEN SARL,,"68, Cité Keur Damel, Dakar, Dakar, Sénégal",33 855 28 00,info@sodiprosen.com
SOLYA INVESTMENTS SARL,,"Place de France, , Thiès, Sénégal",339511020,
SOMEF,,"Dakar, Sénégal",,338237113 somef@orange.sn
SOMICAS,,"31, Avenue Roume, Dakar, Sénégal",,
SOMINES GRANULATS SA,grès,"Thionakh, lot 17, Dakar, Sénégal",773929395,
SONKO ET FILS SARL,or,"cité TOBAGO, VDN VILLA N° 5, Dakar, Sénégal",338274301/ 301069375,Sonko.fils@yahoo.fr
SONSORTIUM PETROMIR & PETROLINES,,"2636, BOULEVARD MARTIN LUTHER KING, CORNICHE 
OUEST, DAKAR, Sénégal","2,21776E+11","smcisse@orange.sn, 
smcisse44@gmail.sn"
SOREXMINE SUARL,or,"N°9, Quartier Gomba, KEDOUGOU, Sénégal",77 525 79 26,
SOSEMIC SARL,silicium,"13, Cité Douanes, Ouest Foire, Dakar, Sénégal",33 820 99 60,caef caf@orange.sn
SOTRACOM SA,,,33 869 07 67,sotracomsa@sotracomsa.sn
SOYA GOLD SARL,,"Villa n°8310, Sacré Coeur I, Sénégal",78 116 66 66/ 77 369 99 86,soyagold2017@gmail.com
SOZAMINES,,"QUARTIER CHEICKH ANTA MBACKE, DIOURBEL, 
DIOURBEL, Sénégal",338653738,
SP INTERNATIONAL SARL,,"N°40, Sud Foire, en face College MIKADO, Dakar, Sénégal",774515123,
SPGCC SARL,,"7601 PIKINE LANSAR, DAKAR, Sénégal",77 447 72 48,
SPINTECH,,"6, Cité COMICO, VDN, Dakar, Sénégal",33 827 98 33,
SSL CAPITAL INVESTMENT,,"173 plne st, unit 1-0, Portland Maine 04102 USA, USA",+221 77 919 91 42,
STAM BDA SARL,,"HLM Mariste, Villa Z/132, Dakar, Sénégal",338323516/ 778848614,stambisiness@gmail.com
STE APANGUENSSO SUARL,,"Relais 82 , Mbour, Thiès, Sénégal",76 682 57 90,
STRATEX-EMC SA,,,338699989,
SUXALY SINE,,"Ouakam, QRT Toglou, Dakar, Sénégal",77 657 93 25,
SYFARO MINING COMPANY SUARL,,"171 Cité des Impots et Domaines, Sénégal",77 146 79 37,
SYLLA PRESTATION SERVICES SARL,,"OUEST FOIRE, Lot n°8, Cité Mame Rane, Dakar, Sénégal",33 865 01 86,
SYMPATIC SERVICE NEW BUSINESS TRADING,,,77 626 50 10,sympaticservices@gmail.com
SYPROM SA,,"101, avenue Peytavin , Dakar",,
"TABA AGRICULTURE CONSULTING INFRASTRUCTURE 
AND MINING (TAACIM) SUARL",,,77 183 80 21/ 77 562 85 40,esall@taacim.com
TABOU SERVICES,,"53, avenue Pdt Lamine Gueye, Dakar, Dakar, Sénégal",,tabouservices@gmail.com
TAMBAKUMALA SARL,,,779535828,
Tamil Mines SARL,,"47, Rue de Thiong, Dakar, Sénégal",77 374 57 10,
TAN SUARL,,"Rufisque, Dakar, Sénégal",,
TANOR SOLUTIONS INDUSTRIELLES,,"n°9, Cité Port, Avenue Cheikh Ahmadou Bamba Mbacké, 
Dakar, Sénégal",77 237 33 22,bdieng@tanorsas.sn
TAYSIR SARL,,"n° 103, hml grand yoff , zone commerciale bis, Dakar, 
Sénégal",77 288 24 03,
TECHNODIS SARL,,"Sicap, Liberté 5, villa n° 5452, Dakar, Sénégal",33 850 48 89,
TECHNOLOGIES CONSULTING SERVICES,,18 sandiniery X vincens BP 3941 Dakar senegal,,338898881 tcscommercial@tcs.sn
TERANGA Contractor,,,77 713 27 33/ 77 430 75 57,terangacontractors@gmail.com
TERANGAMINE,,"N°798, HLM Grand Yoff, Dakar, Sénégal",,
TEST_SOCIETE,,"HLM 5, Dakar, Sénégal",,338276431 test@yahoo.fr
TETACAR,,"RUE 3 X B, POINT E, Dakar, 16874 DAKAR, Sénégal","2,21339E+11",
TEYLIOM LOGISTICS SENEGAL,,"167, Avenue lamine Gueye, X place Soweto, Dakar, 
Sénégal",33 829 62 62,
THERMO LOGIC AFRICA SARL,,"Liberté 06 Extension, Dakar, Sénégal",77 596 62 58,
THOCOMAR,,"5, Rue Mage x Rue Parchappe, PO.BOX 1781, Dakar, 
Sénégal",338892626/ 338892622,thocomar.shipping@gmail.com
TOPA TOOL,,"Quartier Dinguessou, KEDOUGOU, Sénégal",77 333 14 38,
TOUBA AGROPOLE SARL,,"Appt 210, 3ème étage, Résidence Khouma, Ouest Foire, 
Dakar, Sénégal",77 644 44 44,
TOUBA BAMBILOR IMMOBILIER SARL,,,33 950 11 86/ 77 508 32 89,assane beye@gmail.com
TOUBA DAROU KARIM INDUSTRIE,,,77 701 79 45,
TOUBA DIALIBATOU PRESTIGE SUARL,,"2894 B, DIEUPPEUL 4, DAKAR, Sénégal",338 217 802,
TOUBA GUEDE IMMOBILIER,,PIKINE KHOUROUNAR,,
TOUBA MATERIAUX SARL,,"villa n°9831, Sacré Coeur III, Dakar, Dakar, 57 bld 28, 
Sénégal",33 868 95 99/ 33 978 27 91,toubamat@orange.sn
TRANSPORT AMADOU DIEYE,,,33 939 54 20/ 33 939 54 30,
TRANSPORTS AHMED DJOUMA GAZAL ET FILS,,"km 9, Bd du Centenaire , Dakar, BP 458, Sénégal",33 832 91 40/ 33 832 15 46,adgazal@sentoo.sn
TRIYANGS INTERNATIONAL MINING GROUP SA,,"Boulevard Martin luther King Fann Mermoz, BP: 2191, 
Dakar, Sénégal",78 181 21 58/784302088,triyangsmining@gmail.com
TSENG GOLD GROUP,,"LOT N018 SODIDA, DAKAR, Sénégal",77 717 17 49,
TSG MINING COMPANY SARL,,DAKAR,,
TWYFORD CERAMICS LIMITED,,"Lot n° 10, Mermoz Météo, Dakar, Sénégal",33 825 88 40,
UNIVERSAL BUSINESS COMPANY,,"Cité , Conachap, Dakar, Dakar, Sénégal",77 828 67 55/ 77 187 32 99,
UNIVERSAL COLORS,,"Site de l'APROSI, Diamniadio, Sénégal",,
UNIVERSAL TRADE,,"USINE BEN TALLY, PARCELLES N°1593, DAKAR, Sénégal",77 647 18 94,ertm.realisations@gmail.com
UNIVERSEL BUSINESS GROUP SENEGAL SARL,,"Almadies, Route de l'Aéroport, Lot n°10, Zone 15, Dakar, 
Sénégal",773185654,
UNIVERSEL SERVICE RAPIDE,,"QRT Yéne Guedji , Bambilor, Dakar, Sénégal",77 645 81 18,"universelservicerapide@gmail.c
om"
URAMIN EXPLORATION LIMITED,,"C/O Walkers Chambers, Road Town, Tortola, Les Iles 
Vierges Britaniques",,
URBAINE D'ENTREPRISE,,"63, Avenue Malick Sy, Dakar, Sénégal",33 842 07 26,
VAPROM AFRICA SA,,,,
VENDOME HOLDING SAU,,"2, RUE DE FATICK, POINT E, DAKAR, Sénégal",,
VIGNESH PRISICA ENTREPRISES SARL,,"VILLA 169, Rue 7 BOPP, DAKAR, Sénégal",76 578 28 23,
WAKEUR SERIGNE TOUBA MINES ET CONSTRUCTION,,"Cité Stiba Villa n°9, Sénégal",776414667,
WARI VENTURES SENEGAL SUARL,,"VILLA N° 204, Sénégal",,
WATIC,,"34 - 36, Boulevard de la République, Dakar, Sénégal",,338675535 watic@orange.sn
WEST AFRICA MINING SARL,,"Liberté 6 Entension, Nord Immeuble Ndoumbé Guéye , 
1er étage Appt 119, Sénégal",76 337 23 24/77 697 35 39,
WEST AFRICAN INVESTMENT HOLDING SA,,"Villa sise Almadies Lot10, Zone 15 Route de l'Aéroport, 33 
820 16 52, mail@westafrican-invest.com / 
waisa@orange.sn , Dakar, BP 11241, Sénégal",33 820 16 52,mail@westafrican-invest.com
"WEST AFRICAN TRADING INVESTMENT 
CONSTRUCTION",,"Dakar, Sénégal",,338675535 watic@orange.sn
WEST WIND SA,,"4e ETAGE, IMMEUBLE ARC EN CIEL, CITE KEUR GORGUI, 
DAKAR, Sénégal",33 824 07 14,
WORLD EXPORT INVESTMENT,,"N°67, ZONE A, DAKAR, Sénégal",33 825 75 15,exportfinance.wei@gmail.com
XELCOM TRADING,,cite SOPRIM EXTENSION N° 231,,xelcomtrading@gmail.com
XEWEL CIMENTERIES,,"Thiès, Sénégal",,
YAN WEST AFRICA INVESTMENT,,"Villa n°3002, Sicap Amitié 1, Sénégal",777 521 302,
YELLOW GROUND SENEGAL SAS,,"Villa n°2396 E,Rue 13 Dieupeul 2, Dakar, Sénégal","2,21784E+11",
YPSOS EXPLOITATION MANAGEMENT CONSTRUCTION,,"N°14/15 HLM PATTE D'OIE, DAKAR, 17871 LIBERTE, 
Sénégal",,"2,21339E+11 ypsos.sarl@yahoo.fr"
ZAHRA,,"106, Avenue du président Lamine GUEYE, Dakar-SN, 
Dakar, Sénégal",338791640,
ZELTEX SENEGAL SA,,"4, Route de la Corniche Ouest, Fann Hock, Dakar, BP 
45464, Sénégal",338212500,
ZEYNA TRANSPORTS-IMMO-CONSTRUCTIONS,,"Parcelles Assainnies, Unité 5, Keur Massar, Dakar, Sénégal 77 164 96 96",,
ZHONGSAI,,"VILLA 4219, 2e étage, POINT E, RUE 33, DAKAR, Sénégal",338645503,
,,,,
